"Status","Year","Disability","Ethnicity","Sexual_orientation","Headcount","FTE","Mean_salary","Median_salary"
"In post","2021","Declared disabled","Asian","Heterosexual / straight","2290","2110","32020","29080"
"In post","2021","Declared disabled","Asian","LGBO","100","90","32610","29290"
"In post","2021","Declared disabled","Asian","Undeclared","180","160","28730","27570"
"In post","2021","Declared disabled","Asian","Unknown","200","170","28490","27570"
"In post","2021","Declared disabled","Black","Heterosexual / straight","1500","1420","32110","30330"
"In post","2021","Declared disabled","Black","LGBO","90","80","34390","29880"
"In post","2021","Declared disabled","Black","Undeclared","120","110","30980","30330"
"In post","2021","Declared disabled","Black","Unknown","110","100","30430","30530"
"In post","2021","Declared disabled","Chinese","Heterosexual / straight","50","50","31480","29330"
"In post","2021","Declared disabled","Chinese","LGBO","[c]","[c]","[c]","[c]"
"In post","2021","Declared disabled","Chinese","Undeclared","[c]","[c]","[c]","[c]"
"In post","2021","Declared disabled","Chinese","Unknown","[c]","[c]","[c]","[c]"
"In post","2021","Declared disabled","Mixed","Heterosexual / straight","840","790","33360","29270"
"In post","2021","Declared disabled","Mixed","LGBO","160","160","33360","29290"
"In post","2021","Declared disabled","Mixed","Undeclared","120","110","33350","29530"
"In post","2021","Declared disabled","Mixed","Unknown","70","60","31990","30100"
"In post","2021","Declared disabled","Other ethnicity","Heterosexual / straight","230","220","35200","31060"
"In post","2021","Declared disabled","Other ethnicity","LGBO","50","40","[c]","[c]"
"In post","2021","Declared disabled","Other ethnicity","Undeclared","50","50","[c]","[c]"
"In post","2021","Declared disabled","Other ethnicity","Unknown","[c]","[c]","[c]","[c]"
"In post","2021","Declared disabled","Undeclared","Heterosexual / straight","380","350","30750","27690"
"In post","2021","Declared disabled","Undeclared","LGBO","70","70","30820","27570"
"In post","2021","Declared disabled","Undeclared","Undeclared","1340","1230","32370","28200"
"In post","2021","Declared disabled","Undeclared","Unknown","250","220","29150","27570"
"In post","2021","Declared disabled","Unknown","Heterosexual / straight","280","240","30340","26810"
"In post","2021","Declared disabled","Unknown","LGBO","30","30","[c]","[c]"
"In post","2021","Declared disabled","Unknown","Undeclared","100","90","32210","29350"
"In post","2021","Declared disabled","Unknown","Unknown","850","770","31930","28970"
"In post","2021","Declared disabled","White","Heterosexual / straight","31760","29000","31540","27570"
"In post","2021","Declared disabled","White","LGBO","3510","3370","32670","28200"
"In post","2021","Declared disabled","White","Undeclared","3410","3040","30680","27570"
"In post","2021","Declared disabled","White","Unknown","2390","2070","29390","27570"
"In post","2021","Declared non-disabled","Asian","Heterosexual / straight","19260","18140","32810","29080"
"In post","2021","Declared non-disabled","Asian","LGBO","410","380","33380","29290"
"In post","2021","Declared non-disabled","Asian","Undeclared","1210","1090","30190","27570"
"In post","2021","Declared non-disabled","Asian","Unknown","2130","1850","30170","27570"
"In post","2021","Declared non-disabled","Black","Heterosexual / straight","10340","10000","32770","30620"
"In post","2021","Declared non-disabled","Black","LGBO","210","200","32750","29570"
"In post","2021","Declared non-disabled","Black","Undeclared","530","500","32310","29500"
"In post","2021","Declared non-disabled","Black","Unknown","980","900","31600","30550"
"In post","2021","Declared non-disabled","Chinese","Heterosexual / straight","790","760","36500","32180"
"In post","2021","Declared non-disabled","Chinese","LGBO","50","50","[c]","[c]"
"In post","2021","Declared non-disabled","Chinese","Undeclared","70","70","38220","35200"
"In post","2021","Declared non-disabled","Chinese","Unknown","80","80","37170","31870"
"In post","2021","Declared non-disabled","Mixed","Heterosexual / straight","4910","4700","35330","31060"
"In post","2021","Declared non-disabled","Mixed","LGBO","440","430","36190","31650"
"In post","2021","Declared non-disabled","Mixed","Undeclared","350","330","35540","30960"
"In post","2021","Declared non-disabled","Mixed","Unknown","350","320","35380","31060"
"In post","2021","Declared non-disabled","Other ethnicity","Heterosexual / straight","1410","1340","35920","31060"
"In post","2021","Declared non-disabled","Other ethnicity","LGBO","100","90","37330","31230"
"In post","2021","Declared non-disabled","Other ethnicity","Undeclared","160","150","40120","33700"
"In post","2021","Declared non-disabled","Other ethnicity","Unknown","170","150","33850","29290"
"In post","2021","Declared non-disabled","Undeclared","Heterosexual / straight","1930","1820","32950","28850"
"In post","2021","Declared non-disabled","Undeclared","LGBO","110","110","34190","31060"
"In post","2021","Declared non-disabled","Undeclared","Undeclared","4580","4290","34870","30980"
"In post","2021","Declared non-disabled","Undeclared","Unknown","2320","2010","29890","27570"
"In post","2021","Declared non-disabled","Unknown","Heterosexual / straight","2070","1920","33420","28590"
"In post","2021","Declared non-disabled","Unknown","LGBO","100","90","39800","31220"
"In post","2021","Declared non-disabled","Unknown","Undeclared","420","390","34160","30470"
"In post","2021","Declared non-disabled","Unknown","Unknown","7000","6390","32010","27570"
"In post","2021","Declared non-disabled","White","Heterosexual / straight","208040","194690","34510","29360"
"In post","2021","Declared non-disabled","White","LGBO","11210","10930","34970","30180"
"In post","2021","Declared non-disabled","White","Undeclared","15890","14480","33440","28000"
"In post","2021","Declared non-disabled","White","Unknown","23290","20420","31950","27570"
"In post","2021","Undeclared","Asian","Heterosexual / straight","850","800","32000","28850"
"In post","2021","Undeclared","Asian","LGBO","40","30","[c]","[c]"
"In post","2021","Undeclared","Asian","Undeclared","190","180","34120","29570"
"In post","2021","Undeclared","Asian","Unknown","150","130","31590","27570"
"In post","2021","Undeclared","Black","Heterosexual / straight","500","480","31990","30920"
"In post","2021","Undeclared","Black","LGBO","[c]","[c]","[c]","[c]"
"In post","2021","Undeclared","Black","Undeclared","100","90","31860","30040"
"In post","2021","Undeclared","Black","Unknown","160","140","31120","31530"
"In post","2021","Undeclared","Chinese","Heterosexual / straight","40","30","[c]","[c]"
"In post","2021","Undeclared","Chinese","LGBO","[c]","[c]","[c]","[c]"
"In post","2021","Undeclared","Chinese","Undeclared","[c]","[c]","[c]","[c]"
"In post","2021","Undeclared","Chinese","Unknown","[c]","[c]","[c]","[c]"
"In post","2021","Undeclared","Mixed","Heterosexual / straight","240","230","35690","31550"
"In post","2021","Undeclared","Mixed","LGBO","40","40","[c]","[c]"
"In post","2021","Undeclared","Mixed","Undeclared","80","80","31640","28650"
"In post","2021","Undeclared","Mixed","Unknown","40","40","[c]","[c]"
"In post","2021","Undeclared","Other ethnicity","Heterosexual / straight","70","60","32960","31060"
"In post","2021","Undeclared","Other ethnicity","LGBO","[c]","[c]","[c]","[c]"
"In post","2021","Undeclared","Other ethnicity","Undeclared","70","60","47050","41490"
"In post","2021","Undeclared","Other ethnicity","Unknown","[c]","[c]","[c]","[c]"
"In post","2021","Undeclared","Undeclared","Heterosexual / straight","350","340","33030","29370"
"In post","2021","Undeclared","Undeclared","LGBO","90","80","34200","28890"
"In post","2021","Undeclared","Undeclared","Undeclared","6460","6130","36020","32140"
"In post","2021","Undeclared","Undeclared","Unknown","480","440","36610","32100"
"In post","2021","Undeclared","Unknown","Heterosexual / straight","160","140","33090","30630"
"In post","2021","Undeclared","Unknown","LGBO","[c]","[c]","[c]","[c]"
"In post","2021","Undeclared","Unknown","Undeclared","610","570","32450","29200"
"In post","2021","Undeclared","Unknown","Unknown","1240","1170","37610","34710"
"In post","2021","Undeclared","White","Heterosexual / straight","9710","9070","32340","28920"
"In post","2021","Undeclared","White","LGBO","790","770","32570","29290"
"In post","2021","Undeclared","White","Undeclared","3390","3150","33400","30800"
"In post","2021","Undeclared","White","Unknown","2810","2500","31000","31650"
"In post","2021","Unknown","Asian","Heterosexual / straight","1330","1280","36340","32520"
"In post","2021","Unknown","Asian","LGBO","40","40","[c]","[c]"
"In post","2021","Unknown","Asian","Undeclared","70","70","38490","32260"
"In post","2021","Unknown","Asian","Unknown","720","670","36730","31810"
"In post","2021","Unknown","Black","Heterosexual / straight","600","580","36270","32790"
"In post","2021","Unknown","Black","LGBO","[c]","[c]","[c]","[c]"
"In post","2021","Unknown","Black","Undeclared","30","30","[c]","[c]"
"In post","2021","Unknown","Black","Unknown","290","270","35990","30320"
"In post","2021","Unknown","Chinese","Heterosexual / straight","60","60","42070","39220"
"In post","2021","Unknown","Chinese","LGBO","[c]","[c]","[c]","[c]"
"In post","2021","Unknown","Chinese","Undeclared","[c]","[c]","[c]","[c]"
"In post","2021","Unknown","Chinese","Unknown","50","50","43780","40450"
"In post","2021","Unknown","Mixed","Heterosexual / straight","390","380","37450","32960"
"In post","2021","Unknown","Mixed","LGBO","50","50","[c]","[c]"
"In post","2021","Unknown","Mixed","Undeclared","[c]","[c]","[c]","[c]"
"In post","2021","Unknown","Mixed","Unknown","150","140","38140","33450"
"In post","2021","Unknown","Other ethnicity","Heterosexual / straight","120","110","41690","36200"
"In post","2021","Unknown","Other ethnicity","LGBO","[c]","[c]","[c]","[c]"
"In post","2021","Unknown","Other ethnicity","Undeclared","40","30","[c]","[c]"
"In post","2021","Unknown","Other ethnicity","Unknown","70","70","42750","37750"
"In post","2021","Unknown","Undeclared","Heterosexual / straight","220","210","36700","33650"
"In post","2021","Unknown","Undeclared","LGBO","[c]","[c]","[c]","[c]"
"In post","2021","Unknown","Undeclared","Undeclared","850","820","39120","36460"
"In post","2021","Unknown","Undeclared","Unknown","1100","1030","37680","33650"
"In post","2021","Unknown","Unknown","Heterosexual / straight","750","700","34720","29770"
"In post","2021","Unknown","Unknown","LGBO","80","80","35730","31300"
"In post","2021","Unknown","Unknown","Undeclared","1930","1750","29150","26550"
"In post","2021","Unknown","Unknown","Unknown","51440","49370","32800","28000"
"In post","2021","Unknown","White","Heterosexual / straight","15530","14740","36120","33300"
"In post","2021","Unknown","White","LGBO","950","930","35100","31810"
"In post","2021","Unknown","White","Undeclared","1270","1190","36610","33300"
"In post","2021","Unknown","White","Unknown","6470","5890","35850","30720"
"In post","2022","Declared disabled","Asian","Heterosexual / straight","2630","2430","32810","29370"
"In post","2022","Declared disabled","Asian","LGBO","110","100","34590","31060"
"In post","2022","Declared disabled","Asian","Undeclared","200","180","30360","27570"
"In post","2022","Declared disabled","Asian","Unknown","190","160","28890","27570"
"In post","2022","Declared disabled","Black","Heterosexual / straight","1740","1650","32870","31020"
"In post","2022","Declared disabled","Black","LGBO","90","90","36160","31060"
"In post","2022","Declared disabled","Black","Undeclared","140","130","32350","30690"
"In post","2022","Declared disabled","Black","Unknown","90","80","31740","30430"
"In post","2022","Declared disabled","Mixed","Heterosexual / straight","980","920","34110","30710"
"In post","2022","Declared disabled","Mixed","LGBO","210","210","34440","31060"
"In post","2022","Declared disabled","Mixed","Undeclared","140","130","32480","29370"
"In post","2022","Declared disabled","Mixed","Unknown","60","50","33860","30220"
"In post","2022","Declared disabled","Other ethnicity","Heterosexual / straight","250","230","35190","31650"
"In post","2022","Declared disabled","Other ethnicity","LGBO","70","60","38210","32790"
"In post","2022","Declared disabled","Other ethnicity","Undeclared","40","40","[c]","[c]"
"In post","2022","Declared disabled","Other ethnicity","Unknown","[c]","[c]","[c]","[c]"
"In post","2022","Declared disabled","Undeclared","Heterosexual / straight","410","380","31760","28310"
"In post","2022","Declared disabled","Undeclared","LGBO","80","80","31520","28240"
"In post","2022","Declared disabled","Undeclared","Undeclared","1360","1250","33070","28920"
"In post","2022","Declared disabled","Undeclared","Unknown","250","220","30020","27570"
"In post","2022","Declared disabled","Unknown","Heterosexual / straight","300","270","33020","28920"
"In post","2022","Declared disabled","Unknown","LGBO","40","30","[c]","[c]"
"In post","2022","Declared disabled","Unknown","Undeclared","100","90","36560","32900"
"In post","2022","Declared disabled","Unknown","Unknown","850","770","32350","28760"
"In post","2022","Declared disabled","White","Heterosexual / straight","34350","31430","32290","27570"
"In post","2022","Declared disabled","White","LGBO","4290","4120","33100","28920"
"In post","2022","Declared disabled","White","Undeclared","3560","3200","31380","27570"
"In post","2022","Declared disabled","White","Unknown","2060","1790","29950","27570"
"In post","2022","Declared non-disabled","Asian","Heterosexual / straight","22500","21280","33570","29610"
"In post","2022","Declared non-disabled","Asian","LGBO","510","480","34200","29970"
"In post","2022","Declared non-disabled","Asian","Undeclared","1350","1220","31290","28310"
"In post","2022","Declared non-disabled","Asian","Unknown","1960","1710","31150","27570"
"In post","2022","Declared non-disabled","Black","Heterosexual / straight","11530","11150","33280","31060"
"In post","2022","Declared non-disabled","Black","LGBO","220","220","33570","30750"
"In post","2022","Declared non-disabled","Black","Undeclared","520","490","32330","30330"
"In post","2022","Declared non-disabled","Black","Unknown","870","790","31800","30750"
"In post","2022","Declared non-disabled","Mixed","Heterosexual / straight","5400","5170","35850","31060"
"In post","2022","Declared non-disabled","Mixed","LGBO","490","480","36150","31650"
"In post","2022","Declared non-disabled","Mixed","Undeclared","380","360","36430","31060"
"In post","2022","Declared non-disabled","Mixed","Unknown","340","310","35020","29450"
"In post","2022","Declared non-disabled","Other ethnicity","Heterosexual / straight","1490","1420","35980","31060"
"In post","2022","Declared non-disabled","Other ethnicity","LGBO","120","110","39590","33390"
"In post","2022","Declared non-disabled","Other ethnicity","Undeclared","160","150","39940","33400"
"In post","2022","Declared non-disabled","Other ethnicity","Unknown","140","120","34360","30680"
"In post","2022","Declared non-disabled","Undeclared","Heterosexual / straight","2050","1930","33600","29440"
"In post","2022","Declared non-disabled","Undeclared","LGBO","130","120","35240","31650"
"In post","2022","Declared non-disabled","Undeclared","Undeclared","4610","4320","35790","31650"
"In post","2022","Declared non-disabled","Undeclared","Unknown","2260","1970","31710","27570"
"In post","2022","Declared non-disabled","Unknown","Heterosexual / straight","2070","1930","34690","30450"
"In post","2022","Declared non-disabled","Unknown","LGBO","110","100","39420","31900"
"In post","2022","Declared non-disabled","Unknown","Undeclared","500","460","36610","33430"
"In post","2022","Declared non-disabled","Unknown","Unknown","6490","5970","31590","27570"
"In post","2022","Declared non-disabled","White","Heterosexual / straight","219590","206050","35200","30470"
"In post","2022","Declared non-disabled","White","LGBO","12960","12650","35410","30760"
"In post","2022","Declared non-disabled","White","Undeclared","15710","14400","34070","29080"
"In post","2022","Declared non-disabled","White","Unknown","20260","17870","33190","27570"
"In post","2022","Undeclared","Asian","Heterosexual / straight","1020","960","33350","30140"
"In post","2022","Undeclared","Asian","LGBO","40","40","[c]","[c]"
"In post","2022","Undeclared","Asian","Undeclared","200","190","34820","31060"
"In post","2022","Undeclared","Asian","Unknown","110","90","30050","27570"
"In post","2022","Undeclared","Black","Heterosexual / straight","510","490","33450","31060"
"In post","2022","Undeclared","Black","LGBO","[c]","[c]","[c]","[c]"
"In post","2022","Undeclared","Black","Undeclared","100","100","33590","31180"
"In post","2022","Undeclared","Black","Unknown","140","120","31280","31650"
"In post","2022","Undeclared","Mixed","Heterosexual / straight","260","250","35860","31220"
"In post","2022","Undeclared","Mixed","LGBO","50","50","35050","31820"
"In post","2022","Undeclared","Mixed","Undeclared","90","90","33980","31060"
"In post","2022","Undeclared","Mixed","Unknown","30","30","[c]","[c]"
"In post","2022","Undeclared","Other ethnicity","Heterosexual / straight","60","60","33340","29970"
"In post","2022","Undeclared","Other ethnicity","LGBO","[c]","[c]","[c]","[c]"
"In post","2022","Undeclared","Other ethnicity","Undeclared","40","40","[c]","[c]"
"In post","2022","Undeclared","Other ethnicity","Unknown","[c]","[c]","[c]","[c]"
"In post","2022","Undeclared","Undeclared","Heterosexual / straight","390","370","33850","29940"
"In post","2022","Undeclared","Undeclared","LGBO","80","70","34710","30940"
"In post","2022","Undeclared","Undeclared","Undeclared","6240","5920","36840","33350"
"In post","2022","Undeclared","Undeclared","Unknown","360","330","35090","31040"
"In post","2022","Undeclared","Unknown","Heterosexual / straight","150","140","33280","30400"
"In post","2022","Undeclared","Unknown","LGBO","[c]","[c]","[c]","[c]"
"In post","2022","Undeclared","Unknown","Undeclared","470","440","34080","30450"
"In post","2022","Undeclared","Unknown","Unknown","470","430","32240","31650"
"In post","2022","Undeclared","White","Heterosexual / straight","10190","9520","32910","29290"
"In post","2022","Undeclared","White","LGBO","920","890","33370","29950"
"In post","2022","Undeclared","White","Undeclared","3380","3150","33910","31530"
"In post","2022","Undeclared","White","Unknown","2120","1870","30820","31650"
"In post","2022","Unknown","Asian","Heterosexual / straight","1800","1740","36830","32970"
"In post","2022","Unknown","Asian","LGBO","60","60","37290","33080"
"In post","2022","Unknown","Asian","Undeclared","110","110","40100","36500"
"In post","2022","Unknown","Asian","Unknown","870","820","37180","33080"
"In post","2022","Unknown","Black","Heterosexual / straight","750","730","37130","33400"
"In post","2022","Unknown","Black","LGBO","[c]","[c]","[c]","[c]"
"In post","2022","Unknown","Black","Undeclared","50","50","[c]","[c]"
"In post","2022","Unknown","Black","Unknown","300","290","36730","32090"
"In post","2022","Unknown","Mixed","Heterosexual / straight","490","470","38410","34170"
"In post","2022","Unknown","Mixed","LGBO","60","60","40140","37750"
"In post","2022","Unknown","Mixed","Undeclared","40","40","[c]","[c]"
"In post","2022","Unknown","Mixed","Unknown","150","140","38740","33370"
"In post","2022","Unknown","Other ethnicity","Heterosexual / straight","130","120","37860","32790"
"In post","2022","Unknown","Other ethnicity","LGBO","[c]","[c]","[c]","[c]"
"In post","2022","Unknown","Other ethnicity","Undeclared","30","30","[c]","[c]"
"In post","2022","Unknown","Other ethnicity","Unknown","70","60","45240","38180"
"In post","2022","Unknown","Undeclared","Heterosexual / straight","220","200","37080","35000"
"In post","2022","Unknown","Undeclared","LGBO","[c]","[c]","[c]","[c]"
"In post","2022","Unknown","Undeclared","Undeclared","860","820","40180","36330"
"In post","2022","Unknown","Undeclared","Unknown","900","830","38830","35000"
"In post","2022","Unknown","Unknown","Heterosexual / straight","840","790","34910","30450"
"In post","2022","Unknown","Unknown","LGBO","90","90","34220","31310"
"In post","2022","Unknown","Unknown","Undeclared","1520","1470","45270","40650"
"In post","2022","Unknown","Unknown","Unknown","58480","56000","33360","28500"
"In post","2022","Unknown","White","Heterosexual / straight","17170","16340","37540","34430"
"In post","2022","Unknown","White","LGBO","1240","1220","36030","32770"
"In post","2022","Unknown","White","Undeclared","1330","1260","38840","35000"
"In post","2022","Unknown","White","Unknown","5700","5210","36210","31910"
"Leaver CS","2021","Declared disabled","Asian","Heterosexual / straight","70","60","31570","27570"
"Leaver CS","2021","Declared disabled","Asian","LGBO","[c]","[c]","[c]","[c]"
"Leaver CS","2021","Declared disabled","Asian","Undeclared","[c]","[c]","[c]","[c]"
"Leaver CS","2021","Declared disabled","Asian","Unknown","[c]","[c]","[c]","[c]"
"Leaver CS","2021","Declared disabled","Black","Heterosexual / straight","50","40","[c]","[c]"
"Leaver CS","2021","Declared disabled","Black","LGBO","[c]","[c]","[c]","[c]"
"Leaver CS","2021","Declared disabled","Black","Undeclared","[c]","[c]","[c]","[c]"
"Leaver CS","2021","Declared disabled","Black","Unknown","[c]","[c]","[c]","[c]"
"Leaver CS","2021","Declared disabled","Chinese","Heterosexual / straight","[c]","[c]","[c]","[c]"
"Leaver CS","2021","Declared disabled","Chinese","LGBO","[c]","[c]","[c]","[c]"
"Leaver CS","2021","Declared disabled","Chinese","Undeclared","[c]","[c]","[c]","[c]"
"Leaver CS","2021","Declared disabled","Mixed","Heterosexual / straight","[c]","[c]","[c]","[c]"
"Leaver CS","2021","Declared disabled","Mixed","LGBO","[c]","[c]","[c]","[c]"
"Leaver CS","2021","Declared disabled","Mixed","Undeclared","[c]","[c]","[c]","[c]"
"Leaver CS","2021","Declared disabled","Mixed","Unknown","[c]","[c]","[c]","[c]"
"Leaver CS","2021","Declared disabled","Other ethnicity","Heterosexual / straight","[c]","[c]","[c]","[c]"
"Leaver CS","2021","Declared disabled","Other ethnicity","LGBO","[c]","[c]","[c]","[c]"
"Leaver CS","2021","Declared disabled","Other ethnicity","Undeclared","[c]","[c]","[c]","[c]"
"Leaver CS","2021","Declared disabled","Other ethnicity","Unknown","[c]","[c]","[c]","[c]"
"Leaver CS","2021","Declared disabled","Undeclared","Heterosexual / straight","[c]","[c]","[c]","[c]"
"Leaver CS","2021","Declared disabled","Undeclared","LGBO","[c]","[c]","[c]","[c]"
"Leaver CS","2021","Declared disabled","Undeclared","Undeclared","70","60","31230","28400"
"Leaver CS","2021","Declared disabled","Undeclared","Unknown","60","50","[c]","[c]"
"Leaver CS","2021","Declared disabled","Unknown","Heterosexual / straight","[c]","[c]","[c]","[c]"
"Leaver CS","2021","Declared disabled","Unknown","Undeclared","[c]","[c]","[c]","[c]"
"Leaver CS","2021","Declared disabled","Unknown","Unknown","80","70","[c]","[c]"
"Leaver CS","2021","Declared disabled","White","Heterosexual / straight","1490","1290","29580","26660"
"Leaver CS","2021","Declared disabled","White","LGBO","170","160","30490","27130"
"Leaver CS","2021","Declared disabled","White","Undeclared","190","160","29820","26890"
"Leaver CS","2021","Declared disabled","White","Unknown","650","520","28230","26890"
"Leaver CS","2021","Declared non-disabled","Asian","Heterosexual / straight","610","570","30110","26880"
"Leaver CS","2021","Declared non-disabled","Asian","LGBO","[c]","[c]","[c]","[c]"
"Leaver CS","2021","Declared non-disabled","Asian","Undeclared","50","40","[c]","[c]"
"Leaver CS","2021","Declared non-disabled","Asian","Unknown","230","190","29570","24500"
"Leaver CS","2021","Declared non-disabled","Black","Heterosexual / straight","360","350","31370","27140"
"Leaver CS","2021","Declared non-disabled","Black","LGBO","[c]","[c]","[c]","[c]"
"Leaver CS","2021","Declared non-disabled","Black","Undeclared","[c]","[c]","[c]","[c]"
"Leaver CS","2021","Declared non-disabled","Black","Unknown","70","60","[c]","[c]"
"Leaver CS","2021","Declared non-disabled","Chinese","Heterosexual / straight","[c]","[c]","[c]","[c]"
"Leaver CS","2021","Declared non-disabled","Chinese","LGBO","[c]","[c]","[c]","[c]"
"Leaver CS","2021","Declared non-disabled","Chinese","Undeclared","[c]","[c]","[c]","[c]"
"Leaver CS","2021","Declared non-disabled","Chinese","Unknown","[c]","[c]","[c]","[c]"
"Leaver CS","2021","Declared non-disabled","Mixed","Heterosexual / straight","200","190","30490","26970"
"Leaver CS","2021","Declared non-disabled","Mixed","LGBO","[c]","[c]","[c]","[c]"
"Leaver CS","2021","Declared non-disabled","Mixed","Undeclared","[c]","[c]","[c]","[c]"
"Leaver CS","2021","Declared non-disabled","Mixed","Unknown","40","30","[c]","[c]"
"Leaver CS","2021","Declared non-disabled","Other ethnicity","Heterosexual / straight","70","60","36600","29940"
"Leaver CS","2021","Declared non-disabled","Other ethnicity","LGBO","[c]","[c]","[c]","[c]"
"Leaver CS","2021","Declared non-disabled","Other ethnicity","Undeclared","[c]","[c]","[c]","[c]"
"Leaver CS","2021","Declared non-disabled","Other ethnicity","Unknown","[c]","[c]","[c]","[c]"
"Leaver CS","2021","Declared non-disabled","Undeclared","Heterosexual / straight","60","50","32590","27570"
"Leaver CS","2021","Declared non-disabled","Undeclared","LGBO","[c]","[c]","[c]","[c]"
"Leaver CS","2021","Declared non-disabled","Undeclared","Undeclared","180","160","35900","32330"
"Leaver CS","2021","Declared non-disabled","Undeclared","Unknown","160","120","29770","26890"
"Leaver CS","2021","Declared non-disabled","Unknown","Heterosexual / straight","150","130","36750","27570"
"Leaver CS","2021","Declared non-disabled","Unknown","LGBO","[c]","[c]","[c]","[c]"
"Leaver CS","2021","Declared non-disabled","Unknown","Undeclared","30","30","[c]","[c]"
"Leaver CS","2021","Declared non-disabled","Unknown","Unknown","450","380","36030","27570"
"Leaver CS","2021","Declared non-disabled","White","Heterosexual / straight","7970","7120","33450","27570"
"Leaver CS","2021","Declared non-disabled","White","LGBO","430","410","33960","27570"
"Leaver CS","2021","Declared non-disabled","White","Undeclared","750","630","33570","27240"
"Leaver CS","2021","Declared non-disabled","White","Unknown","3520","2840","30500","26890"
"Leaver CS","2021","Undeclared","Asian","Heterosexual / straight","[c]","[c]","[c]","[c]"
"Leaver CS","2021","Undeclared","Asian","LGBO","[c]","[c]","[c]","[c]"
"Leaver CS","2021","Undeclared","Asian","Undeclared","[c]","[c]","[c]","[c]"
"Leaver CS","2021","Undeclared","Asian","Unknown","[c]","[c]","[c]","[c]"
"Leaver CS","2021","Undeclared","Black","Heterosexual / straight","[c]","[c]","[c]","[c]"
"Leaver CS","2021","Undeclared","Black","Undeclared","[c]","[c]","[c]","[c]"
"Leaver CS","2021","Undeclared","Black","Unknown","[c]","[c]","[c]","[c]"
"Leaver CS","2021","Undeclared","Chinese","Heterosexual / straight","[c]","[c]","[c]","[c]"
"Leaver CS","2021","Undeclared","Chinese","Undeclared","[c]","[c]","[c]","[c]"
"Leaver CS","2021","Undeclared","Mixed","Heterosexual / straight","[c]","[c]","[c]","[c]"
"Leaver CS","2021","Undeclared","Mixed","LGBO","[c]","[c]","[c]","[c]"
"Leaver CS","2021","Undeclared","Mixed","Undeclared","[c]","[c]","[c]","[c]"
"Leaver CS","2021","Undeclared","Mixed","Unknown","[c]","[c]","[c]","[c]"
"Leaver CS","2021","Undeclared","Other ethnicity","Heterosexual / straight","[c]","[c]","[c]","[c]"
"Leaver CS","2021","Undeclared","Other ethnicity","Undeclared","[c]","[c]","[c]","[c]"
"Leaver CS","2021","Undeclared","Other ethnicity","Unknown","[c]","[c]","[c]","[c]"
"Leaver CS","2021","Undeclared","Undeclared","Heterosexual / straight","[c]","[c]","[c]","[c]"
"Leaver CS","2021","Undeclared","Undeclared","LGBO","[c]","[c]","[c]","[c]"
"Leaver CS","2021","Undeclared","Undeclared","Undeclared","230","200","35150","32690"
"Leaver CS","2021","Undeclared","Undeclared","Unknown","240","210","33180","34530"
"Leaver CS","2021","Undeclared","Unknown","Heterosexual / straight","[c]","[c]","[c]","[c]"
"Leaver CS","2021","Undeclared","Unknown","Undeclared","40","40","[c]","[c]"
"Leaver CS","2021","Undeclared","Unknown","Unknown","120","110","37780","33610"
"Leaver CS","2021","Undeclared","White","Heterosexual / straight","460","400","31570","27570"
"Leaver CS","2021","Undeclared","White","LGBO","[c]","[c]","[c]","[c]"
"Leaver CS","2021","Undeclared","White","Undeclared","150","130","31300","27570"
"Leaver CS","2021","Undeclared","White","Unknown","340","270","[c]","[c]"
"Leaver CS","2021","Unknown","Asian","Heterosexual / straight","50","50","32180","27460"
"Leaver CS","2021","Unknown","Asian","LGBO","[c]","[c]","[c]","[c]"
"Leaver CS","2021","Unknown","Asian","Undeclared","[c]","[c]","[c]","[c]"
"Leaver CS","2021","Unknown","Asian","Unknown","60","50","[c]","[c]"
"Leaver CS","2021","Unknown","Black","Heterosexual / straight","[c]","[c]","[c]","[c]"
"Leaver CS","2021","Unknown","Black","Undeclared","[c]","[c]","[c]","[c]"
"Leaver CS","2021","Unknown","Black","Unknown","[c]","[c]","[c]","[c]"
"Leaver CS","2021","Unknown","Chinese","Unknown","[c]","[c]","[c]","[c]"
"Leaver CS","2021","Unknown","Mixed","Heterosexual / straight","[c]","[c]","[c]","[c]"
"Leaver CS","2021","Unknown","Mixed","LGBO","[c]","[c]","[c]","[c]"
"Leaver CS","2021","Unknown","Mixed","Undeclared","[c]","[c]","[c]","[c]"
"Leaver CS","2021","Unknown","Mixed","Unknown","[c]","[c]","[c]","[c]"
"Leaver CS","2021","Unknown","Other ethnicity","Heterosexual / straight","[c]","[c]","[c]","[c]"
"Leaver CS","2021","Unknown","Other ethnicity","Undeclared","[c]","[c]","[c]","[c]"
"Leaver CS","2021","Unknown","Other ethnicity","Unknown","[c]","[c]","[c]","[c]"
"Leaver CS","2021","Unknown","Undeclared","Heterosexual / straight","[c]","[c]","[c]","[c]"
"Leaver CS","2021","Unknown","Undeclared","LGBO","[c]","[c]","[c]","[c]"
"Leaver CS","2021","Unknown","Undeclared","Undeclared","40","30","[c]","[c]"
"Leaver CS","2021","Unknown","Undeclared","Unknown","260","230","27430","19130"
"Leaver CS","2021","Unknown","Unknown","Heterosexual / straight","40","30","[c]","[c]"
"Leaver CS","2021","Unknown","Unknown","LGBO","[c]","[c]","[c]","[c]"
"Leaver CS","2021","Unknown","Unknown","Undeclared","110","100","28250","22820"
"Leaver CS","2021","Unknown","Unknown","Unknown","5500","5020","31760","27570"
"Leaver CS","2021","Unknown","White","Heterosexual / straight","610","570","35820","32120"
"Leaver CS","2021","Unknown","White","LGBO","30","30","[c]","[c]"
"Leaver CS","2021","Unknown","White","Undeclared","60","50","35690","33040"
"Leaver CS","2021","Unknown","White","Unknown","740","610","41640","35110"
"Leaver CS","2022","Declared disabled","Asian","Heterosexual / straight","150","140","29120","27570"
"Leaver CS","2022","Declared disabled","Asian","LGBO","[c]","[c]","[c]","[c]"
"Leaver CS","2022","Declared disabled","Asian","Undeclared","[c]","[c]","[c]","[c]"
"Leaver CS","2022","Declared disabled","Asian","Unknown","30","30","[c]","[c]"
"Leaver CS","2022","Declared disabled","Black","Heterosexual / straight","120","110","31630","27850"
"Leaver CS","2022","Declared disabled","Black","LGBO","[c]","[c]","[c]","[c]"
"Leaver CS","2022","Declared disabled","Black","Undeclared","[c]","[c]","[c]","[c]"
"Leaver CS","2022","Declared disabled","Black","Unknown","[c]","[c]","[c]","[c]"
"Leaver CS","2022","Declared disabled","Mixed","Heterosexual / straight","90","80","28980","27570"
"Leaver CS","2022","Declared disabled","Mixed","LGBO","[c]","[c]","[c]","[c]"
"Leaver CS","2022","Declared disabled","Mixed","Undeclared","[c]","[c]","[c]","[c]"
"Leaver CS","2022","Declared disabled","Mixed","Unknown","[c]","[c]","[c]","[c]"
"Leaver CS","2022","Declared disabled","Other ethnicity","Heterosexual / straight","[c]","[c]","[c]","[c]"
"Leaver CS","2022","Declared disabled","Other ethnicity","LGBO","[c]","[c]","[c]","[c]"
"Leaver CS","2022","Declared disabled","Other ethnicity","Undeclared","[c]","[c]","[c]","[c]"
"Leaver CS","2022","Declared disabled","Other ethnicity","Unknown","[c]","[c]","[c]","[c]"
"Leaver CS","2022","Declared disabled","Undeclared","Heterosexual / straight","[c]","[c]","[c]","[c]"
"Leaver CS","2022","Declared disabled","Undeclared","LGBO","[c]","[c]","[c]","[c]"
"Leaver CS","2022","Declared disabled","Undeclared","Undeclared","120","110","33500","27570"
"Leaver CS","2022","Declared disabled","Undeclared","Unknown","40","30","[c]","[c]"
"Leaver CS","2022","Declared disabled","Unknown","Heterosexual / straight","[c]","[c]","[c]","[c]"
"Leaver CS","2022","Declared disabled","Unknown","LGBO","[c]","[c]","[c]","[c]"
"Leaver CS","2022","Declared disabled","Unknown","Undeclared","[c]","[c]","[c]","[c]"
"Leaver CS","2022","Declared disabled","Unknown","Unknown","80","70","29900","27570"
"Leaver CS","2022","Declared disabled","White","Heterosexual / straight","2510","2170","30240","27570"
"Leaver CS","2022","Declared disabled","White","LGBO","370","350","30820","27570"
"Leaver CS","2022","Declared disabled","White","Undeclared","270","220","28320","26750"
"Leaver CS","2022","Declared disabled","White","Unknown","490","370","31800","27570"
"Leaver CS","2022","Declared non-disabled","Asian","Heterosexual / straight","1390","1310","33440","28670"
"Leaver CS","2022","Declared non-disabled","Asian","LGBO","40","40","[c]","[c]"
"Leaver CS","2022","Declared non-disabled","Asian","Undeclared","90","70","31780","27570"
"Leaver CS","2022","Declared non-disabled","Asian","Unknown","300","240","33190","27570"
"Leaver CS","2022","Declared non-disabled","Black","Heterosexual / straight","930","890","32280","30830"
"Leaver CS","2022","Declared non-disabled","Black","LGBO","30","30","[c]","[c]"
"Leaver CS","2022","Declared non-disabled","Black","Undeclared","50","40","[c]","[c]"
"Leaver CS","2022","Declared non-disabled","Black","Unknown","100","90","[c]","[c]"
"Leaver CS","2022","Declared non-disabled","Mixed","Heterosexual / straight","490","460","32740","27570"
"Leaver CS","2022","Declared non-disabled","Mixed","LGBO","50","50","[c]","[c]"
"Leaver CS","2022","Declared non-disabled","Mixed","Undeclared","30","30","[c]","[c]"
"Leaver CS","2022","Declared non-disabled","Mixed","Unknown","50","40","[c]","[c]"
"Leaver CS","2022","Declared non-disabled","Other ethnicity","Heterosexual / straight","130","120","34360","31060"
"Leaver CS","2022","Declared non-disabled","Other ethnicity","LGBO","[c]","[c]","[c]","[c]"
"Leaver CS","2022","Declared non-disabled","Other ethnicity","Undeclared","[c]","[c]","[c]","[c]"
"Leaver CS","2022","Declared non-disabled","Other ethnicity","Unknown","[c]","[c]","[c]","[c]"
"Leaver CS","2022","Declared non-disabled","Undeclared","Heterosexual / straight","150","140","33160","27930"
"Leaver CS","2022","Declared non-disabled","Undeclared","LGBO","[c]","[c]","[c]","[c]"
"Leaver CS","2022","Declared non-disabled","Undeclared","Undeclared","350","300","32460","29080"
"Leaver CS","2022","Declared non-disabled","Undeclared","Unknown","190","150","31120","27570"
"Leaver CS","2022","Declared non-disabled","Unknown","Heterosexual / straight","140","130","38710","32180"
"Leaver CS","2022","Declared non-disabled","Unknown","LGBO","[c]","[c]","[c]","[c]"
"Leaver CS","2022","Declared non-disabled","Unknown","Undeclared","50","40","[c]","[c]"
"Leaver CS","2022","Declared non-disabled","Unknown","Unknown","540","470","30670","25340"
"Leaver CS","2022","Declared non-disabled","White","Heterosexual / straight","15480","14010","33670","27570"
"Leaver CS","2022","Declared non-disabled","White","LGBO","1070","1020","32190","27570"
"Leaver CS","2022","Declared non-disabled","White","Undeclared","1200","1030","33400","27570"
"Leaver CS","2022","Declared non-disabled","White","Unknown","3340","2650","33330","27570"
"Leaver CS","2022","Undeclared","Asian","Heterosexual / straight","50","50","[c]","[c]"
"Leaver CS","2022","Undeclared","Asian","LGBO","[c]","[c]","[c]","[c]"
"Leaver CS","2022","Undeclared","Asian","Undeclared","[c]","[c]","[c]","[c]"
"Leaver CS","2022","Undeclared","Asian","Unknown","[c]","[c]","[c]","[c]"
"Leaver CS","2022","Undeclared","Black","Heterosexual / straight","40","40","[c]","[c]"
"Leaver CS","2022","Undeclared","Black","LGBO","[c]","[c]","[c]","[c]"
"Leaver CS","2022","Undeclared","Black","Undeclared","[c]","[c]","[c]","[c]"
"Leaver CS","2022","Undeclared","Black","Unknown","[c]","[c]","[c]","[c]"
"Leaver CS","2022","Undeclared","Mixed","Heterosexual / straight","[c]","[c]","[c]","[c]"
"Leaver CS","2022","Undeclared","Mixed","LGBO","[c]","[c]","[c]","[c]"
"Leaver CS","2022","Undeclared","Mixed","Undeclared","[c]","[c]","[c]","[c]"
"Leaver CS","2022","Undeclared","Mixed","Unknown","[c]","[c]","[c]","[c]"
"Leaver CS","2022","Undeclared","Other ethnicity","Heterosexual / straight","[c]","[c]","[c]","[c]"
"Leaver CS","2022","Undeclared","Other ethnicity","LGBO","[c]","[c]","[c]","[c]"
"Leaver CS","2022","Undeclared","Other ethnicity","Undeclared","[c]","[c]","[c]","[c]"
"Leaver CS","2022","Undeclared","Other ethnicity","Unknown","[c]","[c]","[c]","[c]"
"Leaver CS","2022","Undeclared","Undeclared","Heterosexual / straight","[c]","[c]","[c]","[c]"
"Leaver CS","2022","Undeclared","Undeclared","LGBO","[c]","[c]","[c]","[c]"
"Leaver CS","2022","Undeclared","Undeclared","Undeclared","400","360","36440","33320"
"Leaver CS","2022","Undeclared","Undeclared","Unknown","130","110","[c]","[c]"
"Leaver CS","2022","Undeclared","Unknown","Heterosexual / straight","[c]","[c]","[c]","[c]"
"Leaver CS","2022","Undeclared","Unknown","LGBO","[c]","[c]","[c]","[c]"
"Leaver CS","2022","Undeclared","Unknown","Undeclared","40","30","[c]","[c]"
"Leaver CS","2022","Undeclared","Unknown","Unknown","40","40","[c]","[c]"
"Leaver CS","2022","Undeclared","White","Heterosexual / straight","770","690","30220","27130"
"Leaver CS","2022","Undeclared","White","LGBO","90","80","31380","27130"
"Leaver CS","2022","Undeclared","White","Undeclared","200","180","33560","27570"
"Leaver CS","2022","Undeclared","White","Unknown","310","240","[c]","[c]"
"Leaver CS","2022","Unknown","Asian","Heterosexual / straight","170","150","33630","28500"
"Leaver CS","2022","Unknown","Asian","LGBO","[c]","[c]","[c]","[c]"
"Leaver CS","2022","Unknown","Asian","Undeclared","[c]","[c]","[c]","[c]"
"Leaver CS","2022","Unknown","Asian","Unknown","100","80","43390","33840"
"Leaver CS","2022","Unknown","Black","Heterosexual / straight","90","80","33660","30730"
"Leaver CS","2022","Unknown","Black","LGBO","[c]","[c]","[c]","[c]"
"Leaver CS","2022","Unknown","Black","Undeclared","[c]","[c]","[c]","[c]"
"Leaver CS","2022","Unknown","Black","Unknown","30","30","[c]","[c]"
"Leaver CS","2022","Unknown","Mixed","Heterosexual / straight","50","40","[c]","[c]"
"Leaver CS","2022","Unknown","Mixed","LGBO","[c]","[c]","[c]","[c]"
"Leaver CS","2022","Unknown","Mixed","Undeclared","[c]","[c]","[c]","[c]"
"Leaver CS","2022","Unknown","Mixed","Unknown","[c]","[c]","[c]","[c]"
"Leaver CS","2022","Unknown","Other ethnicity","Heterosexual / straight","[c]","[c]","[c]","[c]"
"Leaver CS","2022","Unknown","Other ethnicity","Undeclared","[c]","[c]","[c]","[c]"
"Leaver CS","2022","Unknown","Other ethnicity","Unknown","[c]","[c]","[c]","[c]"
"Leaver CS","2022","Unknown","Undeclared","Heterosexual / straight","[c]","[c]","[c]","[c]"
"Leaver CS","2022","Unknown","Undeclared","LGBO","[c]","[c]","[c]","[c]"
"Leaver CS","2022","Unknown","Undeclared","Undeclared","80","70","38430","36330"
"Leaver CS","2022","Unknown","Undeclared","Unknown","250","220","34360","29540"
"Leaver CS","2022","Unknown","Unknown","Heterosexual / straight","80","60","37040","31060"
"Leaver CS","2022","Unknown","Unknown","LGBO","[c]","[c]","[c]","[c]"
"Leaver CS","2022","Unknown","Unknown","Undeclared","440","50","45350","43660"
"Leaver CS","2022","Unknown","Unknown","Unknown","7810","7290","32150","27570"
"Leaver CS","2022","Unknown","White","Heterosexual / straight","1130","980","37140","33000"
"Leaver CS","2022","Unknown","White","LGBO","70","60","33630","28540"
"Leaver CS","2022","Unknown","White","Undeclared","150","130","38320","33300"
"Leaver CS","2022","Unknown","White","Unknown","700","580","42880","38250"
"Leaver Dept.","2021","Declared disabled","Asian","Heterosexual / straight","70","70","33750","32000"
"Leaver Dept.","2021","Declared disabled","Asian","LGBO","[c]","[c]","[c]","[c]"
"Leaver Dept.","2021","Declared disabled","Asian","Undeclared","[c]","[c]","[c]","[c]"
"Leaver Dept.","2021","Declared disabled","Asian","Unknown","[c]","[c]","[c]","[c]"
"Leaver Dept.","2021","Declared disabled","Black","Heterosexual / straight","40","30","[c]","[c]"
"Leaver Dept.","2021","Declared disabled","Black","LGBO","[c]","[c]","[c]","[c]"
"Leaver Dept.","2021","Declared disabled","Black","Undeclared","[c]","[c]","[c]","[c]"
"Leaver Dept.","2021","Declared disabled","Black","Unknown","[c]","[c]","[c]","[c]"
"Leaver Dept.","2021","Declared disabled","Chinese","Heterosexual / straight","[c]","[c]","[c]","[c]"
"Leaver Dept.","2021","Declared disabled","Chinese","LGBO","[c]","[c]","[c]","[c]"
"Leaver Dept.","2021","Declared disabled","Chinese","Undeclared","[c]","[c]","[c]","[c]"
"Leaver Dept.","2021","Declared disabled","Mixed","Heterosexual / straight","[c]","[c]","[c]","[c]"
"Leaver Dept.","2021","Declared disabled","Mixed","LGBO","[c]","[c]","[c]","[c]"
"Leaver Dept.","2021","Declared disabled","Mixed","Undeclared","[c]","[c]","[c]","[c]"
"Leaver Dept.","2021","Declared disabled","Mixed","Unknown","[c]","[c]","[c]","[c]"
"Leaver Dept.","2021","Declared disabled","Other ethnicity","Heterosexual / straight","[c]","[c]","[c]","[c]"
"Leaver Dept.","2021","Declared disabled","Other ethnicity","LGBO","[c]","[c]","[c]","[c]"
"Leaver Dept.","2021","Declared disabled","Other ethnicity","Undeclared","[c]","[c]","[c]","[c]"
"Leaver Dept.","2021","Declared disabled","Other ethnicity","Unknown","[c]","[c]","[c]","[c]"
"Leaver Dept.","2021","Declared disabled","Undeclared","Heterosexual / straight","[c]","[c]","[c]","[c]"
"Leaver Dept.","2021","Declared disabled","Undeclared","LGBO","[c]","[c]","[c]","[c]"
"Leaver Dept.","2021","Declared disabled","Undeclared","Undeclared","[c]","[c]","[c]","[c]"
"Leaver Dept.","2021","Declared disabled","Undeclared","Unknown","[c]","[c]","[c]","[c]"
"Leaver Dept.","2021","Declared disabled","Unknown","Heterosexual / straight","[c]","[c]","[c]","[c]"
"Leaver Dept.","2021","Declared disabled","Unknown","LGBO","[c]","[c]","[c]","[c]"
"Leaver Dept.","2021","Declared disabled","Unknown","Undeclared","[c]","[c]","[c]","[c]"
"Leaver Dept.","2021","Declared disabled","Unknown","Unknown","[c]","[c]","[c]","[c]"
"Leaver Dept.","2021","Declared disabled","White","Heterosexual / straight","510","490","35780","32320"
"Leaver Dept.","2021","Declared disabled","White","LGBO","100","90","38150","33250"
"Leaver Dept.","2021","Declared disabled","White","Undeclared","50","50","[c]","[c]"
"Leaver Dept.","2021","Declared disabled","White","Unknown","110","90","[c]","[c]"
"Leaver Dept.","2021","Declared non-disabled","Asian","Heterosexual / straight","560","540","34340","31060"
"Leaver Dept.","2021","Declared non-disabled","Asian","LGBO","[c]","[c]","[c]","[c]"
"Leaver Dept.","2021","Declared non-disabled","Asian","Undeclared","[c]","[c]","[c]","[c]"
"Leaver Dept.","2021","Declared non-disabled","Asian","Unknown","160","150","[c]","[c]"
"Leaver Dept.","2021","Declared non-disabled","Black","Heterosexual / straight","300","290","34050","31070"
"Leaver Dept.","2021","Declared non-disabled","Black","LGBO","[c]","[c]","[c]","[c]"
"Leaver Dept.","2021","Declared non-disabled","Black","Undeclared","[c]","[c]","[c]","[c]"
"Leaver Dept.","2021","Declared non-disabled","Black","Unknown","60","50","[c]","[c]"
"Leaver Dept.","2021","Declared non-disabled","Chinese","Heterosexual / straight","[c]","[c]","[c]","[c]"
"Leaver Dept.","2021","Declared non-disabled","Chinese","LGBO","[c]","[c]","[c]","[c]"
"Leaver Dept.","2021","Declared non-disabled","Chinese","Undeclared","[c]","[c]","[c]","[c]"
"Leaver Dept.","2021","Declared non-disabled","Chinese","Unknown","[c]","[c]","[c]","[c]"
"Leaver Dept.","2021","Declared non-disabled","Mixed","Heterosexual / straight","180","170","39380","33990"
"Leaver Dept.","2021","Declared non-disabled","Mixed","LGBO","[c]","[c]","[c]","[c]"
"Leaver Dept.","2021","Declared non-disabled","Mixed","Undeclared","[c]","[c]","[c]","[c]"
"Leaver Dept.","2021","Declared non-disabled","Mixed","Unknown","30","[c]","[c]","[c]"
"Leaver Dept.","2021","Declared non-disabled","Other ethnicity","Heterosexual / straight","40","40","[c]","[c]"
"Leaver Dept.","2021","Declared non-disabled","Other ethnicity","LGBO","[c]","[c]","[c]","[c]"
"Leaver Dept.","2021","Declared non-disabled","Other ethnicity","Undeclared","[c]","[c]","[c]","[c]"
"Leaver Dept.","2021","Declared non-disabled","Other ethnicity","Unknown","[c]","[c]","[c]","[c]"
"Leaver Dept.","2021","Declared non-disabled","Undeclared","Heterosexual / straight","40","40","[c]","[c]"
"Leaver Dept.","2021","Declared non-disabled","Undeclared","LGBO","[c]","[c]","[c]","[c]"
"Leaver Dept.","2021","Declared non-disabled","Undeclared","Undeclared","70","70","38420","34390"
"Leaver Dept.","2021","Declared non-disabled","Undeclared","Unknown","[c]","[c]","[c]","[c]"
"Leaver Dept.","2021","Declared non-disabled","Unknown","Heterosexual / straight","70","70","38640","32340"
"Leaver Dept.","2021","Declared non-disabled","Unknown","LGBO","[c]","[c]","[c]","[c]"
"Leaver Dept.","2021","Declared non-disabled","Unknown","Undeclared","[c]","[c]","[c]","[c]"
"Leaver Dept.","2021","Declared non-disabled","Unknown","Unknown","160","150","39660","32860"
"Leaver Dept.","2021","Declared non-disabled","White","Heterosexual / straight","3620","3500","38490","32900"
"Leaver Dept.","2021","Declared non-disabled","White","LGBO","350","350","36870","32560"
"Leaver Dept.","2021","Declared non-disabled","White","Undeclared","240","230","40690","35750"
"Leaver Dept.","2021","Declared non-disabled","White","Unknown","890","760","35430","30610"
"Leaver Dept.","2021","Undeclared","Asian","Heterosexual / straight","30","30","[c]","[c]"
"Leaver Dept.","2021","Undeclared","Asian","LGBO","[c]","[c]","[c]","[c]"
"Leaver Dept.","2021","Undeclared","Asian","Undeclared","[c]","[c]","[c]","[c]"
"Leaver Dept.","2021","Undeclared","Asian","Unknown","[c]","[c]","[c]","[c]"
"Leaver Dept.","2021","Undeclared","Black","Heterosexual / straight","[c]","[c]","[c]","[c]"
"Leaver Dept.","2021","Undeclared","Black","Undeclared","[c]","[c]","[c]","[c]"
"Leaver Dept.","2021","Undeclared","Black","Unknown","[c]","[c]","[c]","[c]"
"Leaver Dept.","2021","Undeclared","Chinese","Undeclared","[c]","[c]","[c]","[c]"
"Leaver Dept.","2021","Undeclared","Chinese","Unknown","[c]","[c]","[c]","[c]"
"Leaver Dept.","2021","Undeclared","Mixed","Heterosexual / straight","[c]","[c]","[c]","[c]"
"Leaver Dept.","2021","Undeclared","Mixed","LGBO","[c]","[c]","[c]","[c]"
"Leaver Dept.","2021","Undeclared","Mixed","Undeclared","[c]","[c]","[c]","[c]"
"Leaver Dept.","2021","Undeclared","Mixed","Unknown","[c]","[c]","[c]","[c]"
"Leaver Dept.","2021","Undeclared","Other ethnicity","Heterosexual / straight","[c]","[c]","[c]","[c]"
"Leaver Dept.","2021","Undeclared","Other ethnicity","LGBO","[c]","[c]","[c]","[c]"
"Leaver Dept.","2021","Undeclared","Other ethnicity","Undeclared","[c]","[c]","[c]","[c]"
"Leaver Dept.","2021","Undeclared","Other ethnicity","Unknown","[c]","[c]","[c]","[c]"
"Leaver Dept.","2021","Undeclared","Undeclared","Heterosexual / straight","[c]","[c]","[c]","[c]"
"Leaver Dept.","2021","Undeclared","Undeclared","LGBO","[c]","[c]","[c]","[c]"
"Leaver Dept.","2021","Undeclared","Undeclared","Undeclared","110","100","38170","36120"
"Leaver Dept.","2021","Undeclared","Undeclared","Unknown","[c]","[c]","[c]","[c]"
"Leaver Dept.","2021","Undeclared","Unknown","Heterosexual / straight","[c]","[c]","[c]","[c]"
"Leaver Dept.","2021","Undeclared","Unknown","Undeclared","[c]","[c]","[c]","[c]"
"Leaver Dept.","2021","Undeclared","Unknown","Unknown","80","80","39890","35430"
"Leaver Dept.","2021","Undeclared","White","Heterosexual / straight","160","150","37100","32730"
"Leaver Dept.","2021","Undeclared","White","LGBO","[c]","[c]","[c]","[c]"
"Leaver Dept.","2021","Undeclared","White","Undeclared","40","30","[c]","[c]"
"Leaver Dept.","2021","Undeclared","White","Unknown","60","50","[c]","[c]"
"Leaver Dept.","2021","Unknown","Asian","Heterosexual / straight","40","40","[c]","[c]"
"Leaver Dept.","2021","Unknown","Asian","Unknown","[c]","[c]","[c]","[c]"
"Leaver Dept.","2021","Unknown","Black","Heterosexual / straight","[c]","[c]","[c]","[c]"
"Leaver Dept.","2021","Unknown","Black","Undeclared","[c]","[c]","[c]","[c]"
"Leaver Dept.","2021","Unknown","Black","Unknown","[c]","[c]","[c]","[c]"
"Leaver Dept.","2021","Unknown","Chinese","LGBO","[c]","[c]","[c]","[c]"
"Leaver Dept.","2021","Unknown","Mixed","Heterosexual / straight","[c]","[c]","[c]","[c]"
"Leaver Dept.","2021","Unknown","Mixed","Unknown","[c]","[c]","[c]","[c]"
"Leaver Dept.","2021","Unknown","Other ethnicity","Heterosexual / straight","[c]","[c]","[c]","[c]"
"Leaver Dept.","2021","Unknown","Other ethnicity","LGBO","[c]","[c]","[c]","[c]"
"Leaver Dept.","2021","Unknown","Other ethnicity","Undeclared","[c]","[c]","[c]","[c]"
"Leaver Dept.","2021","Unknown","Other ethnicity","Unknown","[c]","[c]","[c]","[c]"
"Leaver Dept.","2021","Unknown","Undeclared","Heterosexual / straight","[c]","[c]","[c]","[c]"
"Leaver Dept.","2021","Unknown","Undeclared","LGBO","[c]","[c]","[c]","[c]"
"Leaver Dept.","2021","Unknown","Undeclared","Undeclared","[c]","[c]","[c]","[c]"
"Leaver Dept.","2021","Unknown","Undeclared","Unknown","110","100","36930","36580"
"Leaver Dept.","2021","Unknown","Unknown","Heterosexual / straight","30","30","[c]","[c]"
"Leaver Dept.","2021","Unknown","Unknown","LGBO","[c]","[c]","[c]","[c]"
"Leaver Dept.","2021","Unknown","Unknown","Undeclared","30","30","[c]","[c]"
"Leaver Dept.","2021","Unknown","Unknown","Unknown","2750","2480","37260","32430"
"Leaver Dept.","2021","Unknown","White","Heterosexual / straight","180","180","44510","38960"
"Leaver Dept.","2021","Unknown","White","LGBO","[c]","[c]","[c]","[c]"
"Leaver Dept.","2021","Unknown","White","Undeclared","[c]","[c]","[c]","[c]"
"Leaver Dept.","2021","Unknown","White","Unknown","140","120","42460","37120"
"Leaver Dept.","2022","Declared disabled","Asian","Heterosexual / straight","140","130","32000","29800"
"Leaver Dept.","2022","Declared disabled","Asian","LGBO","[c]","[c]","[c]","[c]"
"Leaver Dept.","2022","Declared disabled","Asian","Undeclared","[c]","[c]","[c]","[c]"
"Leaver Dept.","2022","Declared disabled","Asian","Unknown","[c]","[c]","[c]","[c]"
"Leaver Dept.","2022","Declared disabled","Black","Heterosexual / straight","80","70","34890","31860"
"Leaver Dept.","2022","Declared disabled","Black","LGBO","[c]","[c]","[c]","[c]"
"Leaver Dept.","2022","Declared disabled","Black","Undeclared","[c]","[c]","[c]","[c]"
"Leaver Dept.","2022","Declared disabled","Black","Unknown","[c]","[c]","[c]","[c]"
"Leaver Dept.","2022","Declared disabled","Mixed","Heterosexual / straight","50","50","[c]","[c]"
"Leaver Dept.","2022","Declared disabled","Mixed","LGBO","[c]","[c]","[c]","[c]"
"Leaver Dept.","2022","Declared disabled","Mixed","Undeclared","[c]","[c]","[c]","[c]"
"Leaver Dept.","2022","Declared disabled","Mixed","Unknown","[c]","[c]","[c]","[c]"
"Leaver Dept.","2022","Declared disabled","Other ethnicity","Heterosexual / straight","[c]","[c]","[c]","[c]"
"Leaver Dept.","2022","Declared disabled","Other ethnicity","LGBO","[c]","[c]","[c]","[c]"
"Leaver Dept.","2022","Declared disabled","Other ethnicity","Undeclared","[c]","[c]","[c]","[c]"
"Leaver Dept.","2022","Declared disabled","Other ethnicity","Unknown","[c]","[c]","[c]","[c]"
"Leaver Dept.","2022","Declared disabled","Undeclared","Heterosexual / straight","[c]","[c]","[c]","[c]"
"Leaver Dept.","2022","Declared disabled","Undeclared","LGBO","[c]","[c]","[c]","[c]"
"Leaver Dept.","2022","Declared disabled","Undeclared","Undeclared","30","30","[c]","[c]"
"Leaver Dept.","2022","Declared disabled","Undeclared","Unknown","[c]","[c]","[c]","[c]"
"Leaver Dept.","2022","Declared disabled","Unknown","Heterosexual / straight","[c]","[c]","[c]","[c]"
"Leaver Dept.","2022","Declared disabled","Unknown","LGBO","[c]","[c]","[c]","[c]"
"Leaver Dept.","2022","Declared disabled","Unknown","Undeclared","[c]","[c]","[c]","[c]"
"Leaver Dept.","2022","Declared disabled","Unknown","Unknown","[c]","[c]","[c]","[c]"
"Leaver Dept.","2022","Declared disabled","White","Heterosexual / straight","940","890","36730","31990"
"Leaver Dept.","2022","Declared disabled","White","LGBO","220","210","33700","29220"
"Leaver Dept.","2022","Declared disabled","White","Undeclared","100","100","35280","31990"
"Leaver Dept.","2022","Declared disabled","White","Unknown","120","100","[c]","[c]"
"Leaver Dept.","2022","Declared non-disabled","Asian","Heterosexual / straight","1600","1520","35310","30730"
"Leaver Dept.","2022","Declared non-disabled","Asian","LGBO","50","50","[c]","[c]"
"Leaver Dept.","2022","Declared non-disabled","Asian","Undeclared","80","80","35900","30820"
"Leaver Dept.","2022","Declared non-disabled","Asian","Unknown","140","120","[c]","[c]"
"Leaver Dept.","2022","Declared non-disabled","Black","Heterosexual / straight","840","810","34620","31060"
"Leaver Dept.","2022","Declared non-disabled","Black","LGBO","[c]","[c]","[c]","[c]"
"Leaver Dept.","2022","Declared non-disabled","Black","Undeclared","40","40","[c]","[c]"
"Leaver Dept.","2022","Declared non-disabled","Black","Unknown","70","60","[c]","[c]"
"Leaver Dept.","2022","Declared non-disabled","Mixed","Heterosexual / straight","350","340","37280","33340"
"Leaver Dept.","2022","Declared non-disabled","Mixed","LGBO","50","50","[c]","[c]"
"Leaver Dept.","2022","Declared non-disabled","Mixed","Undeclared","[c]","[c]","[c]","[c]"
"Leaver Dept.","2022","Declared non-disabled","Mixed","Unknown","40","[c]","[c]","[c]"
"Leaver Dept.","2022","Declared non-disabled","Other ethnicity","Heterosexual / straight","100","90","38910","32330"
"Leaver Dept.","2022","Declared non-disabled","Other ethnicity","LGBO","[c]","[c]","[c]","[c]"
"Leaver Dept.","2022","Declared non-disabled","Other ethnicity","Undeclared","[c]","[c]","[c]","[c]"
"Leaver Dept.","2022","Declared non-disabled","Other ethnicity","Unknown","[c]","[c]","[c]","[c]"
"Leaver Dept.","2022","Declared non-disabled","Undeclared","Heterosexual / straight","110","100","35300","31990"
"Leaver Dept.","2022","Declared non-disabled","Undeclared","LGBO","[c]","[c]","[c]","[c]"
"Leaver Dept.","2022","Declared non-disabled","Undeclared","Undeclared","150","140","38320","34020"
"Leaver Dept.","2022","Declared non-disabled","Undeclared","Unknown","40","40","[c]","[c]"
"Leaver Dept.","2022","Declared non-disabled","Unknown","Heterosexual / straight","90","80","41090","33250"
"Leaver Dept.","2022","Declared non-disabled","Unknown","LGBO","[c]","[c]","[c]","[c]"
"Leaver Dept.","2022","Declared non-disabled","Unknown","Undeclared","[c]","[c]","[c]","[c]"
"Leaver Dept.","2022","Declared non-disabled","Unknown","Unknown","180","160","34670","29180"
"Leaver Dept.","2022","Declared non-disabled","White","Heterosexual / straight","8100","7710","38770","33210"
"Leaver Dept.","2022","Declared non-disabled","White","LGBO","730","700","38400","33700"
"Leaver Dept.","2022","Declared non-disabled","White","Undeclared","590","550","39010","32360"
"Leaver Dept.","2022","Declared non-disabled","White","Unknown","980","820","42040","34290"
"Leaver Dept.","2022","Undeclared","Asian","Heterosexual / straight","60","50","30920","29610"
"Leaver Dept.","2022","Undeclared","Asian","LGBO","[c]","[c]","[c]","[c]"
"Leaver Dept.","2022","Undeclared","Asian","Undeclared","[c]","[c]","[c]","[c]"
"Leaver Dept.","2022","Undeclared","Asian","Unknown","[c]","[c]","[c]","[c]"
"Leaver Dept.","2022","Undeclared","Black","Heterosexual / straight","30","30","[c]","[c]"
"Leaver Dept.","2022","Undeclared","Black","LGBO","[c]","[c]","[c]","[c]"
"Leaver Dept.","2022","Undeclared","Black","Undeclared","[c]","[c]","[c]","[c]"
"Leaver Dept.","2022","Undeclared","Black","Unknown","[c]","[c]","[c]","[c]"
"Leaver Dept.","2022","Undeclared","Mixed","Heterosexual / straight","[c]","[c]","[c]","[c]"
"Leaver Dept.","2022","Undeclared","Mixed","LGBO","[c]","[c]","[c]","[c]"
"Leaver Dept.","2022","Undeclared","Mixed","Undeclared","[c]","[c]","[c]","[c]"
"Leaver Dept.","2022","Undeclared","Mixed","Unknown","[c]","[c]","[c]","[c]"
"Leaver Dept.","2022","Undeclared","Other ethnicity","Heterosexual / straight","[c]","[c]","[c]","[c]"
"Leaver Dept.","2022","Undeclared","Other ethnicity","LGBO","[c]","[c]","[c]","[c]"
"Leaver Dept.","2022","Undeclared","Other ethnicity","Undeclared","[c]","[c]","[c]","[c]"
"Leaver Dept.","2022","Undeclared","Other ethnicity","Unknown","[c]","[c]","[c]","[c]"
"Leaver Dept.","2022","Undeclared","Undeclared","Heterosexual / straight","[c]","[c]","[c]","[c]"
"Leaver Dept.","2022","Undeclared","Undeclared","LGBO","[c]","[c]","[c]","[c]"
"Leaver Dept.","2022","Undeclared","Undeclared","Undeclared","200","190","39640","36820"
"Leaver Dept.","2022","Undeclared","Undeclared","Unknown","[c]","[c]","[c]","[c]"
"Leaver Dept.","2022","Undeclared","Unknown","Heterosexual / straight","[c]","[c]","[c]","[c]"
"Leaver Dept.","2022","Undeclared","Unknown","Undeclared","[c]","[c]","[c]","[c]"
"Leaver Dept.","2022","Undeclared","Unknown","Unknown","[c]","[c]","[c]","[c]"
"Leaver Dept.","2022","Undeclared","White","Heterosexual / straight","260","250","34610","30810"
"Leaver Dept.","2022","Undeclared","White","LGBO","40","40","[c]","[c]"
"Leaver Dept.","2022","Undeclared","White","Undeclared","70","70","33750","32540"
"Leaver Dept.","2022","Undeclared","White","Unknown","50","50","[c]","[c]"
"Leaver Dept.","2022","Unknown","Asian","Heterosexual / straight","170","150","41290","33080"
"Leaver Dept.","2022","Unknown","Asian","LGBO","[c]","[c]","[c]","[c]"
"Leaver Dept.","2022","Unknown","Asian","Undeclared","30","30","[c]","[c]"
"Leaver Dept.","2022","Unknown","Asian","Unknown","100","90","51980","40570"
"Leaver Dept.","2022","Unknown","Black","Heterosexual / straight","90","70","46180","40060"
"Leaver Dept.","2022","Unknown","Black","LGBO","[c]","[c]","[c]","[c]"
"Leaver Dept.","2022","Unknown","Black","Undeclared","[c]","[c]","[c]","[c]"
"Leaver Dept.","2022","Unknown","Black","Unknown","40","40","[c]","[c]"
"Leaver Dept.","2022","Unknown","Mixed","Heterosexual / straight","40","30","[c]","[c]"
"Leaver Dept.","2022","Unknown","Mixed","LGBO","[c]","[c]","[c]","[c]"
"Leaver Dept.","2022","Unknown","Mixed","Undeclared","[c]","[c]","[c]","[c]"
"Leaver Dept.","2022","Unknown","Mixed","Unknown","[c]","[c]","[c]","[c]"
"Leaver Dept.","2022","Unknown","Other ethnicity","Heterosexual / straight","[c]","[c]","[c]","[c]"
"Leaver Dept.","2022","Unknown","Other ethnicity","Unknown","[c]","[c]","[c]","[c]"
"Leaver Dept.","2022","Unknown","Undeclared","Heterosexual / straight","[c]","[c]","[c]","[c]"
"Leaver Dept.","2022","Unknown","Undeclared","LGBO","[c]","[c]","[c]","[c]"
"Leaver Dept.","2022","Unknown","Undeclared","Undeclared","120","100","46420","40070"
"Leaver Dept.","2022","Unknown","Undeclared","Unknown","320","300","44860","40070"
"Leaver Dept.","2022","Unknown","Unknown","Heterosexual / straight","80","30","[c]","[c]"
"Leaver Dept.","2022","Unknown","Unknown","LGBO","[c]","[c]","[c]","[c]"
"Leaver Dept.","2022","Unknown","Unknown","Undeclared","980","[c]","[c]","[c]"
"Leaver Dept.","2022","Unknown","Unknown","Unknown","2870","2740","36840","32000"
"Leaver Dept.","2022","Unknown","White","Heterosexual / straight","770","640","43290","38200"
"Leaver Dept.","2022","Unknown","White","LGBO","80","60","40070","36210"
"Leaver Dept.","2022","Unknown","White","Undeclared","170","140","48560","41170"
"Leaver Dept.","2022","Unknown","White","Unknown","560","510","50090","42480"
"New entrant CS","2021","Declared disabled","Asian","Heterosexual / straight","260","250","29410","27570"
"New entrant CS","2021","Declared disabled","Asian","LGBO","[c]","[c]","[c]","[c]"
"New entrant CS","2021","Declared disabled","Asian","Undeclared","[c]","[c]","[c]","[c]"
"New entrant CS","2021","Declared disabled","Black","Heterosexual / straight","220","210","30280","30470"
"New entrant CS","2021","Declared disabled","Black","LGBO","[c]","[c]","[c]","[c]"
"New entrant CS","2021","Declared disabled","Black","Undeclared","[c]","[c]","[c]","[c]"
"New entrant CS","2021","Declared disabled","Black","Unknown","[c]","[c]","[c]","[c]"
"New entrant CS","2021","Declared disabled","Chinese","Heterosexual / straight","[c]","[c]","[c]","[c]"
"New entrant CS","2021","Declared disabled","Chinese","LGBO","[c]","[c]","[c]","[c]"
"New entrant CS","2021","Declared disabled","Mixed","Heterosexual / straight","130","120","27520","27570"
"New entrant CS","2021","Declared disabled","Mixed","LGBO","40","40","[c]","[c]"
"New entrant CS","2021","Declared disabled","Mixed","Undeclared","[c]","[c]","[c]","[c]"
"New entrant CS","2021","Declared disabled","Mixed","Unknown","[c]","[c]","[c]","[c]"
"New entrant CS","2021","Declared disabled","Other ethnicity","Heterosexual / straight","40","40","[c]","[c]"
"New entrant CS","2021","Declared disabled","Other ethnicity","LGBO","[c]","[c]","[c]","[c]"
"New entrant CS","2021","Declared disabled","Other ethnicity","Undeclared","[c]","[c]","[c]","[c]"
"New entrant CS","2021","Declared disabled","Other ethnicity","Unknown","[c]","[c]","[c]","[c]"
"New entrant CS","2021","Declared disabled","Undeclared","Heterosexual / straight","[c]","[c]","[c]","[c]"
"New entrant CS","2021","Declared disabled","Undeclared","LGBO","[c]","[c]","[c]","[c]"
"New entrant CS","2021","Declared disabled","Undeclared","Undeclared","50","40","[c]","[c]"
"New entrant CS","2021","Declared disabled","Undeclared","Unknown","[c]","[c]","[c]","[c]"
"New entrant CS","2021","Declared disabled","Unknown","Heterosexual / straight","[c]","[c]","[c]","[c]"
"New entrant CS","2021","Declared disabled","Unknown","LGBO","[c]","[c]","[c]","[c]"
"New entrant CS","2021","Declared disabled","Unknown","Undeclared","[c]","[c]","[c]","[c]"
"New entrant CS","2021","Declared disabled","Unknown","Unknown","60","50","28950","27700"
"New entrant CS","2021","Declared disabled","White","Heterosexual / straight","2270","2200","27660","27570"
"New entrant CS","2021","Declared disabled","White","LGBO","590","580","27510","27570"
"New entrant CS","2021","Declared disabled","White","Undeclared","170","170","28010","27570"
"New entrant CS","2021","Declared disabled","White","Unknown","40","40","[c]","[c]"
"New entrant CS","2021","Declared non-disabled","Asian","Heterosexual / straight","3000","2920","29550","27570"
"New entrant CS","2021","Declared non-disabled","Asian","LGBO","50","50","28350","27570"
"New entrant CS","2021","Declared non-disabled","Asian","Undeclared","110","100","29770","27570"
"New entrant CS","2021","Declared non-disabled","Asian","Unknown","30","30","[c]","[c]"
"New entrant CS","2021","Declared non-disabled","Black","Heterosexual / straight","1960","1930","29610","29290"
"New entrant CS","2021","Declared non-disabled","Black","LGBO","60","60","29180","28500"
"New entrant CS","2021","Declared non-disabled","Black","Undeclared","50","50","31380","31060"
"New entrant CS","2021","Declared non-disabled","Black","Unknown","[c]","[c]","[c]","[c]"
"New entrant CS","2021","Declared non-disabled","Chinese","Heterosexual / straight","70","70","30660","27590"
"New entrant CS","2021","Declared non-disabled","Chinese","LGBO","[c]","[c]","[c]","[c]"
"New entrant CS","2021","Declared non-disabled","Chinese","Undeclared","[c]","[c]","[c]","[c]"
"New entrant CS","2021","Declared non-disabled","Chinese","Unknown","[c]","[c]","[c]","[c]"
"New entrant CS","2021","Declared non-disabled","Mixed","Heterosexual / straight","920","890","28960","27570"
"New entrant CS","2021","Declared non-disabled","Mixed","LGBO","130","120","31320","27570"
"New entrant CS","2021","Declared non-disabled","Mixed","Undeclared","60","50","32860","27570"
"New entrant CS","2021","Declared non-disabled","Mixed","Unknown","[c]","[c]","[c]","[c]"
"New entrant CS","2021","Declared non-disabled","Other ethnicity","Heterosexual / straight","240","230","30130","28590"
"New entrant CS","2021","Declared non-disabled","Other ethnicity","LGBO","[c]","[c]","[c]","[c]"
"New entrant CS","2021","Declared non-disabled","Other ethnicity","Undeclared","[c]","[c]","[c]","[c]"
"New entrant CS","2021","Declared non-disabled","Other ethnicity","Unknown","[c]","[c]","[c]","[c]"
"New entrant CS","2021","Declared non-disabled","Undeclared","Heterosexual / straight","160","160","29280","27570"
"New entrant CS","2021","Declared non-disabled","Undeclared","LGBO","[c]","[c]","[c]","[c]"
"New entrant CS","2021","Declared non-disabled","Undeclared","Undeclared","230","220","30810","27570"
"New entrant CS","2021","Declared non-disabled","Undeclared","Unknown","[c]","[c]","[c]","[c]"
"New entrant CS","2021","Declared non-disabled","Unknown","Heterosexual / straight","70","60","32100","28590"
"New entrant CS","2021","Declared non-disabled","Unknown","LGBO","[c]","[c]","[c]","[c]"
"New entrant CS","2021","Declared non-disabled","Unknown","Undeclared","[c]","[c]","[c]","[c]"
"New entrant CS","2021","Declared non-disabled","Unknown","Unknown","180","180","30740","27240"
"New entrant CS","2021","Declared non-disabled","White","Heterosexual / straight","19680","19160","28890","27570"
"New entrant CS","2021","Declared non-disabled","White","LGBO","2000","1970","28080","27570"
"New entrant CS","2021","Declared non-disabled","White","Undeclared","930","900","30550","27570"
"New entrant CS","2021","Declared non-disabled","White","Unknown","360","340","31420","28120"
"New entrant CS","2021","Undeclared","Asian","Heterosexual / straight","120","120","30560","27570"
"New entrant CS","2021","Undeclared","Asian","LGBO","[c]","[c]","[c]","[c]"
"New entrant CS","2021","Undeclared","Asian","Undeclared","[c]","[c]","[c]","[c]"
"New entrant CS","2021","Undeclared","Asian","Unknown","[c]","[c]","[c]","[c]"
"New entrant CS","2021","Undeclared","Black","Heterosexual / straight","70","70","29800","29290"
"New entrant CS","2021","Undeclared","Black","LGBO","[c]","[c]","[c]","[c]"
"New entrant CS","2021","Undeclared","Black","Undeclared","[c]","[c]","[c]","[c]"
"New entrant CS","2021","Undeclared","Chinese","Heterosexual / straight","[c]","[c]","[c]","[c]"
"New entrant CS","2021","Undeclared","Chinese","LGBO","[c]","[c]","[c]","[c]"
"New entrant CS","2021","Undeclared","Chinese","Undeclared","[c]","[c]","[c]","[c]"
"New entrant CS","2021","Undeclared","Mixed","Heterosexual / straight","40","40","[c]","[c]"
"New entrant CS","2021","Undeclared","Mixed","LGBO","[c]","[c]","[c]","[c]"
"New entrant CS","2021","Undeclared","Mixed","Undeclared","[c]","[c]","[c]","[c]"
"New entrant CS","2021","Undeclared","Other ethnicity","Heterosexual / straight","[c]","[c]","[c]","[c]"
"New entrant CS","2021","Undeclared","Other ethnicity","LGBO","[c]","[c]","[c]","[c]"
"New entrant CS","2021","Undeclared","Other ethnicity","Undeclared","[c]","[c]","[c]","[c]"
"New entrant CS","2021","Undeclared","Other ethnicity","Unknown","[c]","[c]","[c]","[c]"
"New entrant CS","2021","Undeclared","Undeclared","Heterosexual / straight","[c]","[c]","[c]","[c]"
"New entrant CS","2021","Undeclared","Undeclared","LGBO","[c]","[c]","[c]","[c]"
"New entrant CS","2021","Undeclared","Undeclared","Undeclared","290","270","33180","28500"
"New entrant CS","2021","Undeclared","Undeclared","Unknown","[c]","[c]","[c]","[c]"
"New entrant CS","2021","Undeclared","Unknown","Heterosexual / straight","[c]","[c]","[c]","[c]"
"New entrant CS","2021","Undeclared","Unknown","LGBO","[c]","[c]","[c]","[c]"
"New entrant CS","2021","Undeclared","Unknown","Undeclared","[c]","[c]","[c]","[c]"
"New entrant CS","2021","Undeclared","Unknown","Unknown","190","190","37120","34710"
"New entrant CS","2021","Undeclared","White","Heterosexual / straight","730","700","29530","27570"
"New entrant CS","2021","Undeclared","White","LGBO","130","130","27000","27570"
"New entrant CS","2021","Undeclared","White","Undeclared","140","130","33340","28500"
"New entrant CS","2021","Undeclared","White","Unknown","[c]","[c]","[c]","[c]"
"New entrant CS","2021","Unknown","Asian","Heterosexual / straight","380","380","33820","28840"
"New entrant CS","2021","Unknown","Asian","LGBO","[c]","[c]","[c]","[c]"
"New entrant CS","2021","Unknown","Asian","Undeclared","[c]","[c]","[c]","[c]"
"New entrant CS","2021","Unknown","Asian","Unknown","60","50","26630","25630"
"New entrant CS","2021","Unknown","Black","Heterosexual / straight","190","180","33760","31060"
"New entrant CS","2021","Unknown","Black","LGBO","[c]","[c]","[c]","[c]"
"New entrant CS","2021","Unknown","Black","Undeclared","[c]","[c]","[c]","[c]"
"New entrant CS","2021","Unknown","Black","Unknown","[c]","[c]","[c]","[c]"
"New entrant CS","2021","Unknown","Chinese","Heterosexual / straight","[c]","[c]","[c]","[c]"
"New entrant CS","2021","Unknown","Chinese","LGBO","[c]","[c]","[c]","[c]"
"New entrant CS","2021","Unknown","Chinese","Undeclared","[c]","[c]","[c]","[c]"
"New entrant CS","2021","Unknown","Chinese","Unknown","[c]","[c]","[c]","[c]"
"New entrant CS","2021","Unknown","Mixed","Heterosexual / straight","130","130","33090","29540"
"New entrant CS","2021","Unknown","Mixed","LGBO","[c]","[c]","[c]","[c]"
"New entrant CS","2021","Unknown","Mixed","Undeclared","[c]","[c]","[c]","[c]"
"New entrant CS","2021","Unknown","Mixed","Unknown","[c]","[c]","[c]","[c]"
"New entrant CS","2021","Unknown","Other ethnicity","Heterosexual / straight","30","30","[c]","[c]"
"New entrant CS","2021","Unknown","Other ethnicity","LGBO","[c]","[c]","[c]","[c]"
"New entrant CS","2021","Unknown","Other ethnicity","Undeclared","[c]","[c]","[c]","[c]"
"New entrant CS","2021","Unknown","Other ethnicity","Unknown","[c]","[c]","[c]","[c]"
"New entrant CS","2021","Unknown","Undeclared","Heterosexual / straight","[c]","[c]","[c]","[c]"
"New entrant CS","2021","Unknown","Undeclared","LGBO","[c]","[c]","[c]","[c]"
"New entrant CS","2021","Unknown","Undeclared","Undeclared","80","80","33360","28840"
"New entrant CS","2021","Unknown","Undeclared","Unknown","70","70","24110","18200"
"New entrant CS","2021","Unknown","Unknown","Heterosexual / straight","120","120","30940","27570"
"New entrant CS","2021","Unknown","Unknown","LGBO","[c]","[c]","[c]","[c]"
"New entrant CS","2021","Unknown","Unknown","Undeclared","100","90","26290","20850"
"New entrant CS","2021","Unknown","Unknown","Unknown","16010","15600","29350","25560"
"New entrant CS","2021","Unknown","White","Heterosexual / straight","2820","2760","32970","29540"
"New entrant CS","2021","Unknown","White","LGBO","280","280","30490","27680"
"New entrant CS","2021","Unknown","White","Undeclared","150","140","33390","32260"
"New entrant CS","2021","Unknown","White","Unknown","280","270","30760","25560"
"New entrant CS","2022","Declared disabled","Asian","Heterosexual / straight","280","270","29110","27570"
"New entrant CS","2022","Declared disabled","Asian","LGBO","[c]","[c]","[c]","[c]"
"New entrant CS","2022","Declared disabled","Asian","Undeclared","[c]","[c]","[c]","[c]"
"New entrant CS","2022","Declared disabled","Asian","Unknown","[c]","[c]","[c]","[c]"
"New entrant CS","2022","Declared disabled","Black","Heterosexual / straight","260","250","30530","28690"
"New entrant CS","2022","Declared disabled","Black","LGBO","[c]","[c]","[c]","[c]"
"New entrant CS","2022","Declared disabled","Black","Undeclared","[c]","[c]","[c]","[c]"
"New entrant CS","2022","Declared disabled","Black","Unknown","[c]","[c]","[c]","[c]"
"New entrant CS","2022","Declared disabled","Mixed","Heterosexual / straight","160","160","30120","27570"
"New entrant CS","2022","Declared disabled","Mixed","LGBO","60","50","27390","26910"
"New entrant CS","2022","Declared disabled","Mixed","Undeclared","[c]","[c]","[c]","[c]"
"New entrant CS","2022","Declared disabled","Mixed","Unknown","[c]","[c]","[c]","[c]"
"New entrant CS","2022","Declared disabled","Other ethnicity","Heterosexual / straight","[c]","[c]","[c]","[c]"
"New entrant CS","2022","Declared disabled","Other ethnicity","LGBO","[c]","[c]","[c]","[c]"
"New entrant CS","2022","Declared disabled","Other ethnicity","Undeclared","[c]","[c]","[c]","[c]"
"New entrant CS","2022","Declared disabled","Other ethnicity","Unknown","[c]","[c]","[c]","[c]"
"New entrant CS","2022","Declared disabled","Undeclared","Heterosexual / straight","[c]","[c]","[c]","[c]"
"New entrant CS","2022","Declared disabled","Undeclared","LGBO","[c]","[c]","[c]","[c]"
"New entrant CS","2022","Declared disabled","Undeclared","Undeclared","60","60","32880","30090"
"New entrant CS","2022","Declared disabled","Undeclared","Unknown","[c]","[c]","[c]","[c]"
"New entrant CS","2022","Declared disabled","Unknown","Heterosexual / straight","[c]","[c]","[c]","[c]"
"New entrant CS","2022","Declared disabled","Unknown","LGBO","[c]","[c]","[c]","[c]"
"New entrant CS","2022","Declared disabled","Unknown","Undeclared","[c]","[c]","[c]","[c]"
"New entrant CS","2022","Declared disabled","Unknown","Unknown","100","100","29860","26720"
"New entrant CS","2022","Declared disabled","White","Heterosexual / straight","3000","2880","28920","26590"
"New entrant CS","2022","Declared disabled","White","LGBO","780","770","27960","26590"
"New entrant CS","2022","Declared disabled","White","Undeclared","240","230","29300","27540"
"New entrant CS","2022","Declared disabled","White","Unknown","60","50","[c]","[c]"
"New entrant CS","2022","Declared non-disabled","Asian","Heterosexual / straight","3660","3560","29520","27570"
"New entrant CS","2022","Declared non-disabled","Asian","LGBO","100","90","29460","27570"
"New entrant CS","2022","Declared non-disabled","Asian","Undeclared","130","130","29380","27570"
"New entrant CS","2022","Declared non-disabled","Asian","Unknown","100","90","28880","26110"
"New entrant CS","2022","Declared non-disabled","Black","Heterosexual / straight","1980","1930","29820","27680"
"New entrant CS","2022","Declared non-disabled","Black","LGBO","50","40","[c]","[c]"
"New entrant CS","2022","Declared non-disabled","Black","Undeclared","60","50","30390","29290"
"New entrant CS","2022","Declared non-disabled","Black","Unknown","30","30","[c]","[c]"
"New entrant CS","2022","Declared non-disabled","Mixed","Heterosexual / straight","930","910","29420","27500"
"New entrant CS","2022","Declared non-disabled","Mixed","LGBO","110","110","29190","27310"
"New entrant CS","2022","Declared non-disabled","Mixed","Undeclared","70","70","28090","26140"
"New entrant CS","2022","Declared non-disabled","Mixed","Unknown","[c]","[c]","[c]","[c]"
"New entrant CS","2022","Declared non-disabled","Other ethnicity","Heterosexual / straight","270","260","29700","27570"
"New entrant CS","2022","Declared non-disabled","Other ethnicity","LGBO","[c]","[c]","[c]","[c]"
"New entrant CS","2022","Declared non-disabled","Other ethnicity","Undeclared","[c]","[c]","[c]","[c]"
"New entrant CS","2022","Declared non-disabled","Other ethnicity","Unknown","[c]","[c]","[c]","[c]"
"New entrant CS","2022","Declared non-disabled","Undeclared","Heterosexual / straight","190","180","28970","26880"
"New entrant CS","2022","Declared non-disabled","Undeclared","LGBO","[c]","[c]","[c]","[c]"
"New entrant CS","2022","Declared non-disabled","Undeclared","Undeclared","220","210","31580","27570"
"New entrant CS","2022","Declared non-disabled","Undeclared","Unknown","[c]","[c]","[c]","[c]"
"New entrant CS","2022","Declared non-disabled","Unknown","Heterosexual / straight","170","170","32740","29230"
"New entrant CS","2022","Declared non-disabled","Unknown","LGBO","[c]","[c]","[c]","[c]"
"New entrant CS","2022","Declared non-disabled","Unknown","Undeclared","50","40","[c]","[c]"
"New entrant CS","2022","Declared non-disabled","Unknown","Unknown","730","700","25010","21300"
"New entrant CS","2022","Declared non-disabled","White","Heterosexual / straight","23800","23120","29780","26590"
"New entrant CS","2022","Declared non-disabled","White","LGBO","2490","2450","29200","26590"
"New entrant CS","2022","Declared non-disabled","White","Undeclared","1090","1050","30680","27570"
"New entrant CS","2022","Declared non-disabled","White","Unknown","600","580","28550","26030"
"New entrant CS","2022","Undeclared","Asian","Heterosexual / straight","140","140","29190","27570"
"New entrant CS","2022","Undeclared","Asian","LGBO","[c]","[c]","[c]","[c]"
"New entrant CS","2022","Undeclared","Asian","Undeclared","[c]","[c]","[c]","[c]"
"New entrant CS","2022","Undeclared","Asian","Unknown","[c]","[c]","[c]","[c]"
"New entrant CS","2022","Undeclared","Black","Heterosexual / straight","60","60","31240","30210"
"New entrant CS","2022","Undeclared","Black","LGBO","[c]","[c]","[c]","[c]"
"New entrant CS","2022","Undeclared","Black","Undeclared","[c]","[c]","[c]","[c]"
"New entrant CS","2022","Undeclared","Black","Unknown","[c]","[c]","[c]","[c]"
"New entrant CS","2022","Undeclared","Mixed","Heterosexual / straight","50","50","[c]","[c]"
"New entrant CS","2022","Undeclared","Mixed","LGBO","[c]","[c]","[c]","[c]"
"New entrant CS","2022","Undeclared","Mixed","Undeclared","[c]","[c]","[c]","[c]"
"New entrant CS","2022","Undeclared","Mixed","Unknown","[c]","[c]","[c]","[c]"
"New entrant CS","2022","Undeclared","Other ethnicity","Heterosexual / straight","[c]","[c]","[c]","[c]"
"New entrant CS","2022","Undeclared","Other ethnicity","LGBO","[c]","[c]","[c]","[c]"
"New entrant CS","2022","Undeclared","Other ethnicity","Undeclared","[c]","[c]","[c]","[c]"
"New entrant CS","2022","Undeclared","Undeclared","Heterosexual / straight","30","30","[c]","[c]"
"New entrant CS","2022","Undeclared","Undeclared","LGBO","[c]","[c]","[c]","[c]"
"New entrant CS","2022","Undeclared","Undeclared","Undeclared","280","260","33860","30260"
"New entrant CS","2022","Undeclared","Undeclared","Unknown","[c]","[c]","[c]","[c]"
"New entrant CS","2022","Undeclared","Unknown","Heterosexual / straight","[c]","[c]","[c]","[c]"
"New entrant CS","2022","Undeclared","Unknown","Undeclared","[c]","[c]","[c]","[c]"
"New entrant CS","2022","Undeclared","Unknown","Unknown","[c]","[c]","[c]","[c]"
"New entrant CS","2022","Undeclared","White","Heterosexual / straight","830","800","29040","27060"
"New entrant CS","2022","Undeclared","White","LGBO","170","160","27530","26170"
"New entrant CS","2022","Undeclared","White","Undeclared","170","160","30640","28200"
"New entrant CS","2022","Undeclared","White","Unknown","[c]","[c]","[c]","[c]"
"New entrant CS","2022","Unknown","Asian","Heterosexual / straight","440","420","31390","27680"
"New entrant CS","2022","Unknown","Asian","LGBO","[c]","[c]","[c]","[c]"
"New entrant CS","2022","Unknown","Asian","Undeclared","[c]","[c]","[c]","[c]"
"New entrant CS","2022","Unknown","Asian","Unknown","150","150","30890","28540"
"New entrant CS","2022","Unknown","Black","Heterosexual / straight","170","160","32840","28840"
"New entrant CS","2022","Unknown","Black","LGBO","[c]","[c]","[c]","[c]"
"New entrant CS","2022","Unknown","Black","Undeclared","[c]","[c]","[c]","[c]"
"New entrant CS","2022","Unknown","Black","Unknown","50","40","[c]","[c]"
"New entrant CS","2022","Unknown","Mixed","Heterosexual / straight","130","120","32000","29360"
"New entrant CS","2022","Unknown","Mixed","LGBO","[c]","[c]","[c]","[c]"
"New entrant CS","2022","Unknown","Mixed","Undeclared","[c]","[c]","[c]","[c]"
"New entrant CS","2022","Unknown","Mixed","Unknown","[c]","[c]","[c]","[c]"
"New entrant CS","2022","Unknown","Other ethnicity","Heterosexual / straight","30","30","[c]","[c]"
"New entrant CS","2022","Unknown","Other ethnicity","LGBO","[c]","[c]","[c]","[c]"
"New entrant CS","2022","Unknown","Other ethnicity","Undeclared","[c]","[c]","[c]","[c]"
"New entrant CS","2022","Unknown","Other ethnicity","Unknown","[c]","[c]","[c]","[c]"
"New entrant CS","2022","Unknown","Undeclared","Heterosexual / straight","[c]","[c]","[c]","[c]"
"New entrant CS","2022","Unknown","Undeclared","LGBO","[c]","[c]","[c]","[c]"
"New entrant CS","2022","Unknown","Undeclared","Undeclared","80","80","35520","32770"
"New entrant CS","2022","Unknown","Undeclared","Unknown","50","50","[c]","[c]"
"New entrant CS","2022","Unknown","Unknown","Heterosexual / straight","160","150","30260","27570"
"New entrant CS","2022","Unknown","Unknown","LGBO","[c]","[c]","[c]","[c]"
"New entrant CS","2022","Unknown","Unknown","Undeclared","560","280","36620","32790"
"New entrant CS","2022","Unknown","Unknown","Unknown","19740","18930","29010","26140"
"New entrant CS","2022","Unknown","White","Heterosexual / straight","2680","2570","32680","28970"
"New entrant CS","2022","Unknown","White","LGBO","310","300","30450","27680"
"New entrant CS","2022","Unknown","White","Undeclared","180","170","33080","30350"
"New entrant CS","2022","Unknown","White","Unknown","510","490","31070","26590"
"Notes","Summary figures are suppressed when information relates to less than 30 civil servants for FTE or Headcount, and less than 50 civil servants for median and mean salary (shown as [c]). Additionally, zero responses have been suppressed for GPDR protected characteristics. Figures are rounded to the nearest 10, or 10 as appropriate.","","","","","","",""
"Data source","All figures are aggregated from the Cabinet Office Annual Civil Service Employment Survey collection. https://www.gov.uk/government/collections/civil-service-statistics","","","","","","",""
"Version","Generated on 2022-07-26, with GIT 03ee02c.","","","","","","",""
"Data column","Description","","","","","","",""
"Status","Employment status of the civil servants.","","","","","","",""
"","In post - includes staff that were in post on the reference date (31 March).","","","","","","",""
"","New entrant CS - includes new entrants to the Civil Service over the year (1 April to 31 March).","","","","","","",""
"","Leaver CS - includes leavers from the Civil Service over the year (1 April to 31 March). This includes employees who have an Unknown leaving cause.","","","","","","",""
"","Leaver Dept. - includes leavers from the department over the year (1 April to 31 March), who did not leave the Civil Service.","","","","","","",""
"","Organisation specific notes on status: In late June 2021 around 7,000 employees from Community Rehabilitation Companies were transferred in from the private sector to HM Prison and Probation Service, counting as entrants. The Defence Electronics and Components Agency does not record the date in which their employees first enter the Civil Service and so entrants data is not available. HM Land Registry do not record where their departing employees transfer to and so are unable to identify those that transfer to another Civil Service department.","","","","","","",""
"Year","Year of data collection (as at March 31st).","","","","","","",""
"Ethnicity","Self reported ethnicity. For consistency with Civil Service Statistics, 'Chinese' is shown separately in the 2021 figures, but counted within 'Asian' for 2022.","","","","","","",""
"","""Undeclared"" accounts for employees who have actively declared that they do not want to disclose their ethnicity and ""Unknown"" accounts for employees who have not made an active declaration about their ethnicity.","","","","","","",""
"Disability","Self reported disability.","","","","","","",""
"","""Undeclared"" accounts for employees who have actively declared that they do not want to disclose their disability status and ""Unknown"" accounts for employees who have not made an active declaration about their disability status.","","","","","","",""
"Sexual_orientation","Self reported sexual orientation.","","","","","","",""
"","""Undeclared"" accounts for employees who have actively declared that they do not want to disclose their sexual orientation and ""Unknown"" accounts for employees who have not made an active declaration about their sexual orientation.","","","","","","",""
"Headcount","Total number of civil servants (rounded to nearest 10).","","","","","","",""
"FTE","Total full-time equivalent employment numbers (rounded to nearest 10).","","","","","","",""
"Mean_salary","Average salary (mean, rounded to nearest 10). For part-time employees, salaries represent the full-time equivalent earnings, while for full-time employees they are the actual annual gross salaries.","","","","","","",""
"Median_salary","Median salary (rounded to nearest 10). For part-time employees, salaries represent the full-time equivalent earnings, while for full-time employees they are the actual annual gross salaries.","","","","","","",""
