"Status","Year","Responsibility_level","Region_ITL1","Headcount","FTE","Mean_salary","Median_salary"
"In post","2021","AA/AO","East Midlands (England)","8000","7260","22060","21010"
"In post","2021","AA/AO","East of England","7830","7190","23610","21500"
"In post","2021","AA/AO","London","12710","11810","25550","25110"
"In post","2021","AA/AO","North East (England)","13680","11730","21470","21010"
"In post","2021","AA/AO","North West (England)","21110","18790","21530","21010"
"In post","2021","AA/AO","Northern Ireland","1690","1560","20770","20310"
"In post","2021","AA/AO","Overseas","50","50","22460","23000"
"In post","2021","AA/AO","Scotland","16850","15250","22110","21010"
"In post","2021","AA/AO","South East (England)","14160","12880","24070","21580"
"In post","2021","AA/AO","South West (England)","9400","8590","22160","21010"
"In post","2021","AA/AO","Unknown","240","220","22240","21010"
"In post","2021","AA/AO","Wales","12930","11410","21230","21050"
"In post","2021","AA/AO","West Midlands (England)","10350","9370","21860","21010"
"In post","2021","AA/AO","Yorkshire and The Humber","11670","10490","22410","21010"
"In post","2021","EO","East Midlands (England)","6120","5650","27050","27570"
"In post","2021","EO","East of England","7170","6600","28230","27570"
"In post","2021","EO","London","21300","20200","29990","30110"
"In post","2021","EO","North East (England)","7910","7180","26810","27570"
"In post","2021","EO","North West (England)","18380","16950","26900","27570"
"In post","2021","EO","Northern Ireland","980","920","26560","25560"
"In post","2021","EO","Overseas","280","270","28020","27370"
"In post","2021","EO","Scotland","13560","12550","28240","27570"
"In post","2021","EO","South East (England)","12740","11800","28090","27570"
"In post","2021","EO","South West (England)","10580","9770","26480","27130"
"In post","2021","EO","Unknown","590","550","28030","27570"
"In post","2021","EO","Wales","9420","8730","26980","27570"
"In post","2021","EO","West Midlands (England)","9360","8620","27050","27570"
"In post","2021","EO","Yorkshire and The Humber","10510","9650","27120","27570"
"In post","2021","G6/G7","East Midlands (England)","1420","1350","57500","53430"
"In post","2021","G6/G7","East of England","1340","1290","59010","55430"
"In post","2021","G6/G7","London","27640","26720","60520","58910"
"In post","2021","G6/G7","North East (England)","2040","1980","54800","52580"
"In post","2021","G6/G7","North West (England)","4570","4410","56330","52630"
"In post","2021","G6/G7","Northern Ireland","240","230","55880","52580"
"In post","2021","G6/G7","Overseas","1340","1330","59920","58030"
"In post","2021","G6/G7","Scotland","4650","4460","60860","61010"
"In post","2021","G6/G7","South East (England)","3380","3230","57210","54540"
"In post","2021","G6/G7","South West (England)","6200","5940","56070","54540"
"In post","2021","G6/G7","Unknown","200","190","57540","54700"
"In post","2021","G6/G7","Wales","3220","3090","58660","58160"
"In post","2021","G6/G7","West Midlands (England)","2370","2280","57000","52790"
"In post","2021","G6/G7","Yorkshire and The Humber","3850","3690","56310","52770"
"In post","2021","SCS","East Midlands (England)","90","90","90340","83850"
"In post","2021","SCS","East of England","120","120","95730","94000"
"In post","2021","SCS","London","4700","4520","90940","81900"
"In post","2021","SCS","North East (England)","120","120","87070","78050"
"In post","2021","SCS","North West (England)","290","280","87150","80250"
"In post","2021","SCS","Northern Ireland","[c]","[c]","[c]","[c]"
"In post","2021","SCS","Overseas","290","290","85970","77460"
"In post","2021","SCS","Scotland","330","320","88180","83230"
"In post","2021","SCS","South East (England)","190","180","91620","89850"
"In post","2021","SCS","South West (England)","340","330","96180","91000"
"In post","2021","SCS","Unknown","[c]","[c]","[c]","[c]"
"In post","2021","SCS","Wales","300","300","87460","79870"
"In post","2021","SCS","West Midlands (England)","210","200","96130","88360"
"In post","2021","SCS","Yorkshire and The Humber","280","270","85540","77850"
"In post","2021","SEO/HEO","East Midlands (England)","4750","4510","35850","33840"
"In post","2021","SEO/HEO","East of England","5090","4850","36740","35310"
"In post","2021","SEO/HEO","London","33940","33160","38310","37560"
"In post","2021","SEO/HEO","North East (England)","6160","5830","34770","32960"
"In post","2021","SEO/HEO","North West (England)","12980","12390","35170","33520"
"In post","2021","SEO/HEO","Northern Ireland","900","870","34840","32060"
"In post","2021","SEO/HEO","Overseas","1550","1540","39920","36960"
"In post","2021","SEO/HEO","Scotland","12100","11530","37910","35810"
"In post","2021","SEO/HEO","South East (England)","9790","9370","36670","35530"
"In post","2021","SEO/HEO","South West (England)","16170","15450","36300","35900"
"In post","2021","SEO/HEO","Unknown","760","750","34170","32000"
"In post","2021","SEO/HEO","Wales","9120","8690","36900","37020"
"In post","2021","SEO/HEO","West Midlands (England)","6800","6510","35950","34290"
"In post","2021","SEO/HEO","Yorkshire and The Humber","8960","8510","35210","34090"
"In post","2021","Unknown","East Midlands (England)","1000","920","29910","30210"
"In post","2021","Unknown","East of England","1030","950","28690","28200"
"In post","2021","Unknown","London","1650","1590","33840","33370"
"In post","2021","Unknown","North East (England)","710","660","29380","28200"
"In post","2021","Unknown","North West (England)","2030","1890","30610","30210"
"In post","2021","Unknown","Northern Ireland","[c]","[c]","[c]","[c]"
"In post","2021","Unknown","Overseas","260","250","[c]","[c]"
"In post","2021","Unknown","Scotland","120","110","40140","41170"
"In post","2021","Unknown","South East (England)","1520","1400","30530","30210"
"In post","2021","Unknown","South West (England)","2500","2370","37340","33420"
"In post","2021","Unknown","Unknown","1910","1910","37270","33570"
"In post","2021","Unknown","Wales","1100","1040","29850","28750"
"In post","2021","Unknown","West Midlands (England)","1410","1290","29610","28200"
"In post","2021","Unknown","Yorkshire and The Humber","1330","1210","29780","30210"
"In post","2022","AA/AO","East Midlands (England)","7970","7260","22590","21260"
"In post","2022","AA/AO","East of England","7420","6830","24000","21860"
"In post","2022","AA/AO","London","11870","11000","26070","25110"
"In post","2022","AA/AO","North East (England)","13210","11380","22050","21260"
"In post","2022","AA/AO","North West (England)","20940","18740","21960","21260"
"In post","2022","AA/AO","Northern Ireland","1640","1530","21300","21250"
"In post","2022","AA/AO","Overseas","70","70","22100","21830"
"In post","2022","AA/AO","Scotland","16870","15370","22800","21260"
"In post","2022","AA/AO","South East (England)","13530","12290","24470","21960"
"In post","2022","AA/AO","South West (England)","9230","8450","22540","21260"
"In post","2022","AA/AO","Unknown","200","180","22400","21260"
"In post","2022","AA/AO","Wales","12600","11170","21680","21300"
"In post","2022","AA/AO","West Midlands (England)","10340","9360","22310","21260"
"In post","2022","AA/AO","Yorkshire and The Humber","11290","10160","22810","21260"
"In post","2022","EO","East Midlands (England)","6290","5820","27390","27570"
"In post","2022","EO","East of England","6960","6410","28340","27570"
"In post","2022","EO","London","21130","20090","30190","30470"
"In post","2022","EO","North East (England)","8430","7690","27120","27570"
"In post","2022","EO","North West (England)","19070","17680","27130","27570"
"In post","2022","EO","Northern Ireland","1100","1050","26930","26820"
"In post","2022","EO","Overseas","290","280","27700","27130"
"In post","2022","EO","Scotland","14370","13350","28700","27570"
"In post","2022","EO","South East (England)","12450","11530","28210","27570"
"In post","2022","EO","South West (England)","10160","9380","26780","27130"
"In post","2022","EO","Unknown","440","410","28290","27570"
"In post","2022","EO","Wales","9730","9050","27250","27570"
"In post","2022","EO","West Midlands (England)","9860","9130","27320","27570"
"In post","2022","EO","Yorkshire and The Humber","10990","10120","27300","27570"
"In post","2022","G6/G7","East Midlands (England)","1700","1630","58120","55210"
"In post","2022","G6/G7","East of England","1470","1410","59220","55610"
"In post","2022","G6/G7","London","29330","28390","60690","58770"
"In post","2022","G6/G7","North East (England)","2710","2640","56400","55210"
"In post","2022","G6/G7","North West (England)","5590","5410","57180","55210"
"In post","2022","G6/G7","Northern Ireland","300","290","57720","55210"
"In post","2022","G6/G7","Overseas","1310","1310","59620","57490"
"In post","2022","G6/G7","Scotland","5410","5210","61580","62170"
"In post","2022","G6/G7","South East (England)","3750","3580","58200","55210"
"In post","2022","G6/G7","South West (England)","6650","6390","56170","54540"
"In post","2022","G6/G7","Unknown","170","160","57420","54700"
"In post","2022","G6/G7","Wales","3680","3540","59000","59000"
"In post","2022","G6/G7","West Midlands (England)","2860","2770","57310","55210"
"In post","2022","G6/G7","Yorkshire and The Humber","4510","4330","56530","54590"
"In post","2022","SCS","East Midlands (England)","90","90","91430","87210"
"In post","2022","SCS","East of England","130","130","96490","95070"
"In post","2022","SCS","London","4480","4330","91150","82340"
"In post","2022","SCS","North East (England)","130","130","86960","78600"
"In post","2022","SCS","North West (England)","290","290","87780","80000"
"In post","2022","SCS","Northern Ireland","[c]","[c]","[c]","[c]"
"In post","2022","SCS","Overseas","290","290","85420","76600"
"In post","2022","SCS","Scotland","380","370","87880","83230"
"In post","2022","SCS","South East (England)","210","200","94840","93000"
"In post","2022","SCS","South West (England)","340","330","97410","90400"
"In post","2022","SCS","Unknown","[c]","[c]","[c]","[c]"
"In post","2022","SCS","Wales","320","310","86270","78600"
"In post","2022","SCS","West Midlands (England)","220","210","97240","89500"
"In post","2022","SCS","Yorkshire and The Humber","290","280","85380","77800"
"In post","2022","SEO/HEO","East Midlands (England)","5400","5150","36440","33900"
"In post","2022","SEO/HEO","East of England","5210","4980","37040","35980"
"In post","2022","SEO/HEO","London","35590","34810","38740","38160"
"In post","2022","SEO/HEO","North East (England)","7440","7110","35600","33370"
"In post","2022","SEO/HEO","North West (England)","15150","14530","35760","33840"
"In post","2022","SEO/HEO","Northern Ireland","1190","1160","35770","33370"
"In post","2022","SEO/HEO","Overseas","1530","1520","39250","36450"
"In post","2022","SEO/HEO","Scotland","13880","13290","38550","36480"
"In post","2022","SEO/HEO","South East (England)","10420","9980","37090","36240"
"In post","2022","SEO/HEO","South West (England)","17120","16370","36360","36050"
"In post","2022","SEO/HEO","Unknown","590","590","34510","32790"
"In post","2022","SEO/HEO","Wales","10130","9680","37400","37570"
"In post","2022","SEO/HEO","West Midlands (England)","7810","7490","36150","34320"
"In post","2022","SEO/HEO","Yorkshire and The Humber","10060","9600","35580","34290"
"In post","2022","Unknown","East Midlands (England)","1550","1420","29600","28200"
"In post","2022","Unknown","East of England","1730","1590","28820","26310"
"In post","2022","Unknown","London","2430","2330","34660","33700"
"In post","2022","Unknown","North East (England)","1180","1120","29630","28200"
"In post","2022","Unknown","North West (England)","3270","3050","30070","28200"
"In post","2022","Unknown","Northern Ireland","[c]","[c]","[c]","[c]"
"In post","2022","Unknown","Overseas","200","200","[c]","[c]"
"In post","2022","Unknown","Scotland","100","100","40600","39930"
"In post","2022","Unknown","South East (England)","2270","2080","29870","28200"
"In post","2022","Unknown","South West (England)","3200","3020","35360","32000"
"In post","2022","Unknown","Unknown","1890","1880","36980","33570"
"In post","2022","Unknown","Wales","1440","1350","29400","28200"
"In post","2022","Unknown","West Midlands (England)","2090","1910","29500","28200"
"In post","2022","Unknown","Yorkshire and The Humber","2100","1920","29780","28200"
"Leaver CS","2021","AA/AO","East Midlands (England)","830","730","20350","20180"
"Leaver CS","2021","AA/AO","East of England","850","760","21710","21010"
"Leaver CS","2021","AA/AO","London","1270","1160","22940","22790"
"Leaver CS","2021","AA/AO","North East (England)","1020","820","20530","21010"
"Leaver CS","2021","AA/AO","North West (England)","1400","1180","20590","21010"
"Leaver CS","2021","AA/AO","Northern Ireland","100","90","[c]","[c]"
"Leaver CS","2021","AA/AO","Overseas","[c]","[c]","[c]","[c]"
"Leaver CS","2021","AA/AO","Scotland","1090","930","22450","21010"
"Leaver CS","2021","AA/AO","South East (England)","1360","1210","21550","21000"
"Leaver CS","2021","AA/AO","South West (England)","860","780","20590","20840"
"Leaver CS","2021","AA/AO","Unknown","50","50","[c]","[c]"
"Leaver CS","2021","AA/AO","Wales","1060","890","20460","21010"
"Leaver CS","2021","AA/AO","West Midlands (England)","930","810","20450","20500"
"Leaver CS","2021","AA/AO","Yorkshire and The Humber","1090","950","21000","21010"
"Leaver CS","2021","EO","East Midlands (England)","410","360","27050","27490"
"Leaver CS","2021","EO","East of England","420","370","27470","27570"
"Leaver CS","2021","EO","London","1150","1020","28680","28950"
"Leaver CS","2021","EO","North East (England)","350","280","26840","27570"
"Leaver CS","2021","EO","North West (England)","680","580","26420","27240"
"Leaver CS","2021","EO","Northern Ireland","50","40","[c]","[c]"
"Leaver CS","2021","EO","Overseas","[c]","[c]","[c]","[c]"
"Leaver CS","2021","EO","Scotland","580","500","28540","27570"
"Leaver CS","2021","EO","South East (England)","590","530","27660","27570"
"Leaver CS","2021","EO","South West (England)","530","480","25750","26670"
"Leaver CS","2021","EO","Unknown","40","30","[c]","[c]"
"Leaver CS","2021","EO","Wales","400","350","27530","27570"
"Leaver CS","2021","EO","West Midlands (England)","420","350","26580","27130"
"Leaver CS","2021","EO","Yorkshire and The Humber","550","440","26790","27550"
"Leaver CS","2021","G6/G7","East Midlands (England)","60","50","[c]","[c]"
"Leaver CS","2021","G6/G7","East of England","90","80","60230","56820"
"Leaver CS","2021","G6/G7","London","1080","960","60870","58490"
"Leaver CS","2021","G6/G7","North East (England)","70","60","[c]","[c]"
"Leaver CS","2021","G6/G7","North West (England)","160","150","59920","57000"
"Leaver CS","2021","G6/G7","Northern Ireland","[c]","[c]","[c]","[c]"
"Leaver CS","2021","G6/G7","Overseas","[c]","[c]","[c]","[c]"
"Leaver CS","2021","G6/G7","Scotland","170","160","63890","61010"
"Leaver CS","2021","G6/G7","South East (England)","140","130","59050","56220"
"Leaver CS","2021","G6/G7","South West (England)","220","200","58000","55610"
"Leaver CS","2021","G6/G7","Unknown","50","50","[c]","[c]"
"Leaver CS","2021","G6/G7","Wales","120","100","60300","59320"
"Leaver CS","2021","G6/G7","West Midlands (England)","130","110","62200","59220"
"Leaver CS","2021","G6/G7","Yorkshire and The Humber","190","160","59650","57400"
"Leaver CS","2021","SCS","East Midlands (England)","[c]","[c]","[c]","[c]"
"Leaver CS","2021","SCS","East of England","[c]","[c]","[c]","[c]"
"Leaver CS","2021","SCS","London","260","220","98840","92480"
"Leaver CS","2021","SCS","North East (England)","[c]","[c]","[c]","[c]"
"Leaver CS","2021","SCS","North West (England)","[c]","[c]","[c]","[c]"
"Leaver CS","2021","SCS","Overseas","[c]","[c]","[c]","[c]"
"Leaver CS","2021","SCS","Scotland","[c]","[c]","[c]","[c]"
"Leaver CS","2021","SCS","South East (England)","[c]","[c]","[c]","[c]"
"Leaver CS","2021","SCS","South West (England)","30","30","[c]","[c]"
"Leaver CS","2021","SCS","Unknown","[c]","[c]","[c]","[c]"
"Leaver CS","2021","SCS","Wales","[c]","[c]","[c]","[c]"
"Leaver CS","2021","SCS","West Midlands (England)","[c]","[c]","[c]","[c]"
"Leaver CS","2021","SCS","Yorkshire and The Humber","[c]","[c]","[c]","[c]"
"Leaver CS","2021","SEO/HEO","East Midlands (England)","250","230","35990","34290"
"Leaver CS","2021","SEO/HEO","East of England","360","320","37810","35960"
"Leaver CS","2021","SEO/HEO","London","1430","1310","37660","37290"
"Leaver CS","2021","SEO/HEO","North East (England)","200","180","36800","36330"
"Leaver CS","2021","SEO/HEO","North West (England)","390","340","36190","34550"
"Leaver CS","2021","SEO/HEO","Northern Ireland","40","40","[c]","[c]"
"Leaver CS","2021","SEO/HEO","Overseas","90","80","37580","36960"
"Leaver CS","2021","SEO/HEO","Scotland","460","420","39370","38000"
"Leaver CS","2021","SEO/HEO","South East (England)","480","430","36600","36030"
"Leaver CS","2021","SEO/HEO","South West (England)","720","660","36130","34880"
"Leaver CS","2021","SEO/HEO","Unknown","60","60","33360","32000"
"Leaver CS","2021","SEO/HEO","Wales","320","280","36930","37020"
"Leaver CS","2021","SEO/HEO","West Midlands (England)","310","280","37290","36660"
"Leaver CS","2021","SEO/HEO","Yorkshire and The Humber","420","360","36590","35340"
"Leaver CS","2021","Unknown","East Midlands (England)","50","40","[c]","[c]"
"Leaver CS","2021","Unknown","East of England","70","60","[c]","[c]"
"Leaver CS","2021","Unknown","London","130","110","[c]","[c]"
"Leaver CS","2021","Unknown","North East (England)","40","40","[c]","[c]"
"Leaver CS","2021","Unknown","North West (England)","120","110","[c]","[c]"
"Leaver CS","2021","Unknown","Overseas","[c]","[c]","[c]","[c]"
"Leaver CS","2021","Unknown","Scotland","[c]","[c]","[c]","[c]"
"Leaver CS","2021","Unknown","South East (England)","90","80","[c]","[c]"
"Leaver CS","2021","Unknown","South West (England)","90","80","[c]","[c]"
"Leaver CS","2021","Unknown","Unknown","480","470","34870","32400"
"Leaver CS","2021","Unknown","Wales","40","40","[c]","[c]"
"Leaver CS","2021","Unknown","West Midlands (England)","70","60","[c]","[c]"
"Leaver CS","2021","Unknown","Yorkshire and The Humber","70","50","[c]","[c]"
"Leaver CS","2022","AA/AO","East Midlands (England)","1160","1040","20790","20970"
"Leaver CS","2022","AA/AO","East of England","1160","1070","21950","21260"
"Leaver CS","2022","AA/AO","London","1770","1600","23250","23720"
"Leaver CS","2022","AA/AO","North East (England)","1540","1290","21110","21260"
"Leaver CS","2022","AA/AO","North West (England)","2250","1960","21020","21260"
"Leaver CS","2022","AA/AO","Northern Ireland","140","120","21370","21440"
"Leaver CS","2022","AA/AO","Scotland","1810","1580","23080","21260"
"Leaver CS","2022","AA/AO","South East (England)","2180","1960","22000","21130"
"Leaver CS","2022","AA/AO","South West (England)","1260","1160","21460","21010"
"Leaver CS","2022","AA/AO","Unknown","380","310","20800","21590"
"Leaver CS","2022","AA/AO","Wales","1060","930","20960","21090"
"Leaver CS","2022","AA/AO","West Midlands (England)","1190","1080","21130","21010"
"Leaver CS","2022","AA/AO","Yorkshire and The Humber","1510","1340","21420","21260"
"Leaver CS","2022","EO","East Midlands (England)","580","520","27280","27570"
"Leaver CS","2022","EO","East of England","740","660","28170","27570"
"Leaver CS","2022","EO","London","2200","1980","29470","30540"
"Leaver CS","2022","EO","North East (England)","490","410","26890","27570"
"Leaver CS","2022","EO","North West (England)","1180","1020","26910","27570"
"Leaver CS","2022","EO","Northern Ireland","60","50","[c]","[c]"
"Leaver CS","2022","EO","Overseas","[c]","[c]","[c]","[c]"
"Leaver CS","2022","EO","Scotland","940","830","28860","27570"
"Leaver CS","2022","EO","South East (England)","1150","1030","27730","27570"
"Leaver CS","2022","EO","South West (England)","930","840","25830","26780"
"Leaver CS","2022","EO","Unknown","120","100","27330","27570"
"Leaver CS","2022","EO","Wales","490","410","26950","27570"
"Leaver CS","2022","EO","West Midlands (England)","770","680","27070","27570"
"Leaver CS","2022","EO","Yorkshire and The Humber","940","810","26990","27570"
"Leaver CS","2022","G6/G7","East Midlands (England)","90","80","62810","59630"
"Leaver CS","2022","G6/G7","East of England","150","140","61440","56950"
"Leaver CS","2022","G6/G7","London","2080","1840","60080","57730"
"Leaver CS","2022","G6/G7","North East (England)","130","120","57770","55930"
"Leaver CS","2022","G6/G7","North West (England)","300","280","60480","57620"
"Leaver CS","2022","G6/G7","Northern Ireland","[c]","[c]","[c]","[c]"
"Leaver CS","2022","G6/G7","Overseas","30","30","[c]","[c]"
"Leaver CS","2022","G6/G7","Scotland","250","230","63660","62170"
"Leaver CS","2022","G6/G7","South East (England)","240","220","59650","57050"
"Leaver CS","2022","G6/G7","South West (England)","350","320","57730","55640"
"Leaver CS","2022","G6/G7","Unknown","80","60","62380","61000"
"Leaver CS","2022","G6/G7","Wales","130","120","60810","60830"
"Leaver CS","2022","G6/G7","West Midlands (England)","190","180","58760","55210"
"Leaver CS","2022","G6/G7","Yorkshire and The Humber","260","200","59320","57360"
"Leaver CS","2022","SCS","East Midlands (England)","[c]","[c]","[c]","[c]"
"Leaver CS","2022","SCS","East of England","[c]","[c]","[c]","[c]"
"Leaver CS","2022","SCS","London","430","370","97940","92500"
"Leaver CS","2022","SCS","North East (England)","[c]","[c]","[c]","[c]"
"Leaver CS","2022","SCS","North West (England)","[c]","[c]","[c]","[c]"
"Leaver CS","2022","SCS","Northern Ireland","[c]","[c]","[c]","[c]"
"Leaver CS","2022","SCS","Overseas","[c]","[c]","[c]","[c]"
"Leaver CS","2022","SCS","Scotland","[c]","[c]","[c]","[c]"
"Leaver CS","2022","SCS","South East (England)","[c]","[c]","[c]","[c]"
"Leaver CS","2022","SCS","South West (England)","40","40","[c]","[c]"
"Leaver CS","2022","SCS","Unknown","[c]","[c]","[c]","[c]"
"Leaver CS","2022","SCS","Wales","[c]","[c]","[c]","[c]"
"Leaver CS","2022","SCS","West Midlands (England)","40","30","[c]","[c]"
"Leaver CS","2022","SCS","Yorkshire and The Humber","[c]","[c]","[c]","[c]"
"Leaver CS","2022","SEO/HEO","East Midlands (England)","310","280","38070","37910"
"Leaver CS","2022","SEO/HEO","East of England","420","380","37580","36380"
"Leaver CS","2022","SEO/HEO","London","2840","2520","37840","37320"
"Leaver CS","2022","SEO/HEO","North East (England)","320","280","36090","34290"
"Leaver CS","2022","SEO/HEO","North West (England)","660","590","36880","36330"
"Leaver CS","2022","SEO/HEO","Northern Ireland","50","40","[c]","[c]"
"Leaver CS","2022","SEO/HEO","Overseas","80","70","41090","40580"
"Leaver CS","2022","SEO/HEO","Scotland","700","630","39560","38500"
"Leaver CS","2022","SEO/HEO","South East (England)","740","680","37550","36840"
"Leaver CS","2022","SEO/HEO","South West (England)","1220","1130","36480","36340"
"Leaver CS","2022","SEO/HEO","Unknown","140","100","37660","37440"
"Leaver CS","2022","SEO/HEO","Wales","390","350","36850","36840"
"Leaver CS","2022","SEO/HEO","West Midlands (England)","420","390","37520","36330"
"Leaver CS","2022","SEO/HEO","Yorkshire and The Humber","590","490","36030","35790"
"Leaver CS","2022","Unknown","East Midlands (England)","120","110","[c]","[c]"
"Leaver CS","2022","Unknown","East of England","190","160","[c]","[c]"
"Leaver CS","2022","Unknown","London","320","270","[c]","[c]"
"Leaver CS","2022","Unknown","North East (England)","60","50","[c]","[c]"
"Leaver CS","2022","Unknown","North West (England)","210","180","[c]","[c]"
"Leaver CS","2022","Unknown","Overseas","[c]","[c]","[c]","[c]"
"Leaver CS","2022","Unknown","Scotland","[c]","[c]","[c]","[c]"
"Leaver CS","2022","Unknown","South East (England)","230","210","[c]","[c]"
"Leaver CS","2022","Unknown","South West (England)","270","240","38530","37610"
"Leaver CS","2022","Unknown","Unknown","490","420","35910","33270"
"Leaver CS","2022","Unknown","Wales","110","100","[c]","[c]"
"Leaver CS","2022","Unknown","West Midlands (England)","120","110","[c]","[c]"
"Leaver CS","2022","Unknown","Yorkshire and The Humber","180","140","[c]","[c]"
"Leaver Dept.","2021","AA/AO","East Midlands (England)","100","100","19770","19570"
"Leaver Dept.","2021","AA/AO","East of England","50","40","[c]","[c]"
"Leaver Dept.","2021","AA/AO","London","230","210","23780","23530"
"Leaver Dept.","2021","AA/AO","North East (England)","280","270","20880","21010"
"Leaver Dept.","2021","AA/AO","North West (England)","400","370","20840","21010"
"Leaver Dept.","2021","AA/AO","Northern Ireland","[c]","[c]","[c]","[c]"
"Leaver Dept.","2021","AA/AO","Scotland","240","230","20900","20920"
"Leaver Dept.","2021","AA/AO","South East (England)","140","130","21090","20650"
"Leaver Dept.","2021","AA/AO","South West (England)","110","100","20480","20920"
"Leaver Dept.","2021","AA/AO","Unknown","[c]","[c]","[c]","[c]"
"Leaver Dept.","2021","AA/AO","Wales","210","200","20590","21010"
"Leaver Dept.","2021","AA/AO","West Midlands (England)","220","210","20300","20020"
"Leaver Dept.","2021","AA/AO","Yorkshire and The Humber","140","140","20500","21010"
"Leaver Dept.","2021","EO","East Midlands (England)","80","70","24370","24890"
"Leaver Dept.","2021","EO","East of England","60","50","[c]","[c]"
"Leaver Dept.","2021","EO","London","810","750","28490","28000"
"Leaver Dept.","2021","EO","North East (England)","160","150","26360","27570"
"Leaver Dept.","2021","EO","North West (England)","330","310","26010","26650"
"Leaver Dept.","2021","EO","Northern Ireland","[c]","[c]","[c]","[c]"
"Leaver Dept.","2021","EO","Overseas","[c]","[c]","[c]","[c]"
"Leaver Dept.","2021","EO","Scotland","190","180","26560","27570"
"Leaver Dept.","2021","EO","South East (England)","100","100","27670","27570"
"Leaver Dept.","2021","EO","South West (England)","180","180","24730","25780"
"Leaver Dept.","2021","EO","Unknown","[c]","[c]","[c]","[c]"
"Leaver Dept.","2021","EO","Wales","140","130","26240","26890"
"Leaver Dept.","2021","EO","West Midlands (England)","150","150","25010","24890"
"Leaver Dept.","2021","EO","Yorkshire and The Humber","170","160","26390","26890"
"Leaver Dept.","2021","G6/G7","East Midlands (England)","[c]","[c]","[c]","[c]"
"Leaver Dept.","2021","G6/G7","East of England","[c]","[c]","[c]","[c]"
"Leaver Dept.","2021","G6/G7","London","1620","1480","57710","55650"
"Leaver Dept.","2021","G6/G7","North East (England)","[c]","[c]","[c]","[c]"
"Leaver Dept.","2021","G6/G7","North West (England)","80","80","54900","52630"
"Leaver Dept.","2021","G6/G7","Northern Ireland","[c]","[c]","[c]","[c]"
"Leaver Dept.","2021","G6/G7","Overseas","50","30","[c]","[c]"
"Leaver Dept.","2021","G6/G7","Scotland","50","40","[c]","[c]"
"Leaver Dept.","2021","G6/G7","South East (England)","40","40","[c]","[c]"
"Leaver Dept.","2021","G6/G7","South West (England)","140","140","53940","53410"
"Leaver Dept.","2021","G6/G7","Unknown","80","80","57600","54700"
"Leaver Dept.","2021","G6/G7","Wales","60","60","55920","54460"
"Leaver Dept.","2021","G6/G7","West Midlands (England)","40","40","[c]","[c]"
"Leaver Dept.","2021","G6/G7","Yorkshire and The Humber","80","70","54970","52250"
"Leaver Dept.","2021","SCS","London","280","240","88390","79490"
"Leaver Dept.","2021","SCS","North East (England)","[c]","[c]","[c]","[c]"
"Leaver Dept.","2021","SCS","North West (England)","[c]","[c]","[c]","[c]"
"Leaver Dept.","2021","SCS","Overseas","[c]","[c]","[c]","[c]"
"Leaver Dept.","2021","SCS","Scotland","[c]","[c]","[c]","[c]"
"Leaver Dept.","2021","SCS","South East (England)","[c]","[c]","[c]","[c]"
"Leaver Dept.","2021","SCS","South West (England)","[c]","[c]","[c]","[c]"
"Leaver Dept.","2021","SCS","Unknown","[c]","[c]","[c]","[c]"
"Leaver Dept.","2021","SCS","Wales","[c]","[c]","[c]","[c]"
"Leaver Dept.","2021","SCS","West Midlands (England)","[c]","[c]","[c]","[c]"
"Leaver Dept.","2021","SCS","Yorkshire and The Humber","[c]","[c]","[c]","[c]"
"Leaver Dept.","2021","SEO/HEO","East Midlands (England)","70","60","[c]","[c]"
"Leaver Dept.","2021","SEO/HEO","East of England","70","70","35300","34340"
"Leaver Dept.","2021","SEO/HEO","London","2310","2120","36710","35400"
"Leaver Dept.","2021","SEO/HEO","North East (England)","130","120","33330","32000"
"Leaver Dept.","2021","SEO/HEO","North West (England)","240","230","34260","32830"
"Leaver Dept.","2021","SEO/HEO","Northern Ireland","[c]","[c]","[c]","[c]"
"Leaver Dept.","2021","SEO/HEO","Overseas","50","[c]","[c]","[c]"
"Leaver Dept.","2021","SEO/HEO","Scotland","130","130","35540","35110"
"Leaver Dept.","2021","SEO/HEO","South East (England)","120","120","34470","33300"
"Leaver Dept.","2021","SEO/HEO","South West (England)","360","350","33340","32940"
"Leaver Dept.","2021","SEO/HEO","Unknown","570","570","31830","32000"
"Leaver Dept.","2021","SEO/HEO","Wales","170","170","35750","36030"
"Leaver Dept.","2021","SEO/HEO","West Midlands (England)","110","110","33810","31990"
"Leaver Dept.","2021","SEO/HEO","Yorkshire and The Humber","230","210","34920","34450"
"Leaver Dept.","2021","Unknown","East Midlands (England)","[c]","[c]","[c]","[c]"
"Leaver Dept.","2021","Unknown","East of England","[c]","[c]","[c]","[c]"
"Leaver Dept.","2021","Unknown","London","100","90","[c]","[c]"
"Leaver Dept.","2021","Unknown","North East (England)","[c]","[c]","[c]","[c]"
"Leaver Dept.","2021","Unknown","North West (England)","30","30","[c]","[c]"
"Leaver Dept.","2021","Unknown","Scotland","[c]","[c]","[c]","[c]"
"Leaver Dept.","2021","Unknown","South East (England)","[c]","[c]","[c]","[c]"
"Leaver Dept.","2021","Unknown","South West (England)","[c]","[c]","[c]","[c]"
"Leaver Dept.","2021","Unknown","Unknown","[c]","[c]","[c]","[c]"
"Leaver Dept.","2021","Unknown","Wales","[c]","[c]","[c]","[c]"
"Leaver Dept.","2021","Unknown","West Midlands (England)","[c]","[c]","[c]","[c]"
"Leaver Dept.","2021","Unknown","Yorkshire and The Humber","[c]","[c]","[c]","[c]"
"Leaver Dept.","2022","AA/AO","East Midlands (England)","170","160","20550","20970"
"Leaver Dept.","2022","AA/AO","East of England","130","110","21660","21820"
"Leaver Dept.","2022","AA/AO","London","500","440","23370","23720"
"Leaver Dept.","2022","AA/AO","North East (England)","360","340","21170","21260"
"Leaver Dept.","2022","AA/AO","North West (England)","510","480","20910","21170"
"Leaver Dept.","2022","AA/AO","Northern Ireland","[c]","[c]","[c]","[c]"
"Leaver Dept.","2022","AA/AO","Overseas","[c]","[c]","[c]","[c]"
"Leaver Dept.","2022","AA/AO","Scotland","430","410","21640","21260"
"Leaver Dept.","2022","AA/AO","South East (England)","190","160","21810","21820"
"Leaver Dept.","2022","AA/AO","South West (England)","310","290","20780","20530"
"Leaver Dept.","2022","AA/AO","Unknown","80","70","21370","21840"
"Leaver Dept.","2022","AA/AO","Wales","150","150","21220","21260"
"Leaver Dept.","2022","AA/AO","West Midlands (England)","310","290","20660","20970"
"Leaver Dept.","2022","AA/AO","Yorkshire and The Humber","220","200","20990","21030"
"Leaver Dept.","2022","EO","East Midlands (England)","180","170","25870","26780"
"Leaver Dept.","2022","EO","East of England","170","170","26920","27370"
"Leaver Dept.","2022","EO","London","1620","1440","28610","28310"
"Leaver Dept.","2022","EO","North East (England)","270","260","26910","27570"
"Leaver Dept.","2022","EO","North West (England)","680","660","26260","27370"
"Leaver Dept.","2022","EO","Northern Ireland","[c]","[c]","[c]","[c]"
"Leaver Dept.","2022","EO","Overseas","[c]","[c]","[c]","[c]"
"Leaver Dept.","2022","EO","Scotland","500","480","26950","27570"
"Leaver Dept.","2022","EO","South East (England)","250","240","27190","27570"
"Leaver Dept.","2022","EO","South West (England)","400","380","25110","25060"
"Leaver Dept.","2022","EO","Unknown","110","70","27280","27500"
"Leaver Dept.","2022","EO","Wales","240","230","26760","27570"
"Leaver Dept.","2022","EO","West Midlands (England)","430","420","26090","27570"
"Leaver Dept.","2022","EO","Yorkshire and The Humber","370","330","26550","27570"
"Leaver Dept.","2022","G6/G7","East Midlands (England)","50","50","[c]","[c]"
"Leaver Dept.","2022","G6/G7","East of England","90","80","57420","52610"
"Leaver Dept.","2022","G6/G7","London","2920","2460","58850","55420"
"Leaver Dept.","2022","G6/G7","North East (England)","80","80","54260","52020"
"Leaver Dept.","2022","G6/G7","North West (England)","220","210","55730","52440"
"Leaver Dept.","2022","G6/G7","Northern Ireland","[c]","[c]","[c]","[c]"
"Leaver Dept.","2022","G6/G7","Overseas","[c]","[c]","[c]","[c]"
"Leaver Dept.","2022","G6/G7","Scotland","80","80","56620","53990"
"Leaver Dept.","2022","G6/G7","South East (England)","210","200","58120","54680"
"Leaver Dept.","2022","G6/G7","South West (England)","400","390","56760","53810"
"Leaver Dept.","2022","G6/G7","Unknown","130","90","58280","55160"
"Leaver Dept.","2022","G6/G7","Wales","100","100","56880","55210"
"Leaver Dept.","2022","G6/G7","West Midlands (England)","140","130","57260","52700"
"Leaver Dept.","2022","G6/G7","Yorkshire and The Humber","350","230","56110","52750"
"Leaver Dept.","2022","SCS","East Midlands (England)","[c]","[c]","[c]","[c]"
"Leaver Dept.","2022","SCS","East of England","30","30","[c]","[c]"
"Leaver Dept.","2022","SCS","London","560","440","95470","91530"
"Leaver Dept.","2022","SCS","North East (England)","[c]","[c]","[c]","[c]"
"Leaver Dept.","2022","SCS","North West (England)","40","30","[c]","[c]"
"Leaver Dept.","2022","SCS","Overseas","[c]","[c]","[c]","[c]"
"Leaver Dept.","2022","SCS","Scotland","[c]","[c]","[c]","[c]"
"Leaver Dept.","2022","SCS","South East (England)","40","30","[c]","[c]"
"Leaver Dept.","2022","SCS","South West (England)","50","40","[c]","[c]"
"Leaver Dept.","2022","SCS","Unknown","30","[c]","[c]","[c]"
"Leaver Dept.","2022","SCS","Wales","[c]","[c]","[c]","[c]"
"Leaver Dept.","2022","SCS","West Midlands (England)","40","30","[c]","[c]"
"Leaver Dept.","2022","SCS","Yorkshire and The Humber","40","30","[c]","[c]"
"Leaver Dept.","2022","SEO/HEO","East Midlands (England)","220","200","34200","32960"
"Leaver Dept.","2022","SEO/HEO","East of England","240","220","36010","36330"
"Leaver Dept.","2022","SEO/HEO","London","4530","4040","36640","35430"
"Leaver Dept.","2022","SEO/HEO","North East (England)","250","240","34410","33230"
"Leaver Dept.","2022","SEO/HEO","North West (England)","590","560","34690","34530"
"Leaver Dept.","2022","SEO/HEO","Northern Ireland","[c]","[c]","[c]","[c]"
"Leaver Dept.","2022","SEO/HEO","Overseas","[c]","[c]","[c]","[c]"
"Leaver Dept.","2022","SEO/HEO","Scotland","240","230","36060","33930"
"Leaver Dept.","2022","SEO/HEO","South East (England)","360","350","36450","37830"
"Leaver Dept.","2022","SEO/HEO","South West (England)","950","900","34910","35410"
"Leaver Dept.","2022","SEO/HEO","Unknown","380","290","33650","32000"
"Leaver Dept.","2022","SEO/HEO","Wales","240","230","34570","32780"
"Leaver Dept.","2022","SEO/HEO","West Midlands (England)","370","360","34940","34530"
"Leaver Dept.","2022","SEO/HEO","Yorkshire and The Humber","670","480","34800","34310"
"Leaver Dept.","2022","Unknown","East Midlands (England)","[c]","[c]","[c]","[c]"
"Leaver Dept.","2022","Unknown","East of England","[c]","[c]","[c]","[c]"
"Leaver Dept.","2022","Unknown","London","140","90","[c]","[c]"
"Leaver Dept.","2022","Unknown","North East (England)","[c]","[c]","[c]","[c]"
"Leaver Dept.","2022","Unknown","North West (England)","30","30","[c]","[c]"
"Leaver Dept.","2022","Unknown","Overseas","[c]","[c]","[c]","[c]"
"Leaver Dept.","2022","Unknown","Scotland","[c]","[c]","[c]","[c]"
"Leaver Dept.","2022","Unknown","South East (England)","[c]","[c]","[c]","[c]"
"Leaver Dept.","2022","Unknown","South West (England)","[c]","[c]","[c]","[c]"
"Leaver Dept.","2022","Unknown","Unknown","[c]","[c]","[c]","[c]"
"Leaver Dept.","2022","Unknown","Wales","[c]","[c]","[c]","[c]"
"Leaver Dept.","2022","Unknown","West Midlands (England)","[c]","[c]","[c]","[c]"
"Leaver Dept.","2022","Unknown","Yorkshire and The Humber","40","[c]","[c]","[c]"
"New entrant CS","2021","AA/AO","East Midlands (England)","1050","1020","20900","21010"
"New entrant CS","2021","AA/AO","East of England","1190","1170","22520","21500"
"New entrant CS","2021","AA/AO","London","2500","2470","24220","24220"
"New entrant CS","2021","AA/AO","North East (England)","1910","1880","20830","21010"
"New entrant CS","2021","AA/AO","North West (England)","2850","2800","20840","21010"
"New entrant CS","2021","AA/AO","Northern Ireland","220","210","20210","20140"
"New entrant CS","2021","AA/AO","Overseas","[c]","[c]","[c]","[c]"
"New entrant CS","2021","AA/AO","Scotland","2210","2150","20790","20140"
"New entrant CS","2021","AA/AO","South East (England)","2200","2130","22870","21430"
"New entrant CS","2021","AA/AO","South West (England)","1630","1570","21040","21010"
"New entrant CS","2021","AA/AO","Unknown","110","110","21350","21010"
"New entrant CS","2021","AA/AO","Wales","1540","1470","20540","20600"
"New entrant CS","2021","AA/AO","West Midlands (England)","1380","1350","20880","20880"
"New entrant CS","2021","AA/AO","Yorkshire and The Humber","1780","1740","21010","21010"
"New entrant CS","2021","EO","East Midlands (England)","940","920","26880","27570"
"New entrant CS","2021","EO","East of England","1270","1240","27900","27570"
"New entrant CS","2021","EO","London","4960","4870","29520","31060"
"New entrant CS","2021","EO","North East (England)","870","860","26300","25560"
"New entrant CS","2021","EO","North West (England)","1900","1880","26940","27570"
"New entrant CS","2021","EO","Northern Ireland","90","90","26160","25560"
"New entrant CS","2021","EO","Overseas","[c]","[c]","[c]","[c]"
"New entrant CS","2021","EO","Scotland","1150","1130","26590","27570"
"New entrant CS","2021","EO","South East (England)","2250","2190","27730","27570"
"New entrant CS","2021","EO","South West (England)","1590","1530","26110","27570"
"New entrant CS","2021","EO","Unknown","220","210","27510","27570"
"New entrant CS","2021","EO","Wales","710","700","26160","27570"
"New entrant CS","2021","EO","West Midlands (England)","1200","1160","26840","27570"
"New entrant CS","2021","EO","Yorkshire and The Humber","1540","1510","26760","27570"
"New entrant CS","2021","G6/G7","East Midlands (England)","70","70","56690","52580"
"New entrant CS","2021","G6/G7","East of England","60","60","60550","54920"
"New entrant CS","2021","G6/G7","London","1850","1800","58670","55710"
"New entrant CS","2021","G6/G7","North East (England)","80","80","54270","52220"
"New entrant CS","2021","G6/G7","North West (England)","290","280","55490","53000"
"New entrant CS","2021","G6/G7","Northern Ireland","[c]","[c]","[c]","[c]"
"New entrant CS","2021","G6/G7","Overseas","[c]","[c]","[c]","[c]"
"New entrant CS","2021","G6/G7","Scotland","280","270","56130","52580"
"New entrant CS","2021","G6/G7","South East (England)","200","190","57960","53500"
"New entrant CS","2021","G6/G7","South West (England)","290","280","56790","54000"
"New entrant CS","2021","G6/G7","Unknown","50","50","[c]","[c]"
"New entrant CS","2021","G6/G7","Wales","120","120","56240","52620"
"New entrant CS","2021","G6/G7","West Midlands (England)","180","170","56660","52580"
"New entrant CS","2021","G6/G7","Yorkshire and The Humber","280","270","55860","52580"
"New entrant CS","2021","SCS","East Midlands (England)","[c]","[c]","[c]","[c]"
"New entrant CS","2021","SCS","East of England","[c]","[c]","[c]","[c]"
"New entrant CS","2021","SCS","London","330","310","91150","82100"
"New entrant CS","2021","SCS","North East (England)","[c]","[c]","[c]","[c]"
"New entrant CS","2021","SCS","North West (England)","[c]","[c]","[c]","[c]"
"New entrant CS","2021","SCS","Northern Ireland","[c]","[c]","[c]","[c]"
"New entrant CS","2021","SCS","Scotland","[c]","[c]","[c]","[c]"
"New entrant CS","2021","SCS","South East (England)","[c]","[c]","[c]","[c]"
"New entrant CS","2021","SCS","South West (England)","[c]","[c]","[c]","[c]"
"New entrant CS","2021","SCS","Unknown","[c]","[c]","[c]","[c]"
"New entrant CS","2021","SCS","Wales","[c]","[c]","[c]","[c]"
"New entrant CS","2021","SCS","West Midlands (England)","[c]","[c]","[c]","[c]"
"New entrant CS","2021","SCS","Yorkshire and The Humber","[c]","[c]","[c]","[c]"
"New entrant CS","2021","SEO/HEO","East Midlands (England)","290","280","34290","31810"
"New entrant CS","2021","SEO/HEO","East of England","300","280","34060","33000"
"New entrant CS","2021","SEO/HEO","London","5200","5110","35500","34550"
"New entrant CS","2021","SEO/HEO","North East (England)","310","300","33710","31990"
"New entrant CS","2021","SEO/HEO","North West (England)","800","780","33950","31990"
"New entrant CS","2021","SEO/HEO","Northern Ireland","40","40","[c]","[c]"
"New entrant CS","2021","SEO/HEO","Overseas","[c]","[c]","[c]","[c]"
"New entrant CS","2021","SEO/HEO","Scotland","820","800","34940","33550"
"New entrant CS","2021","SEO/HEO","South East (England)","720","700","34210","33000"
"New entrant CS","2021","SEO/HEO","South West (England)","1170","1120","34710","33290"
"New entrant CS","2021","SEO/HEO","Unknown","180","180","32000","31990"
"New entrant CS","2021","SEO/HEO","Wales","500","490","33980","31810"
"New entrant CS","2021","SEO/HEO","West Midlands (England)","500","480","35270","35000"
"New entrant CS","2021","SEO/HEO","Yorkshire and The Humber","780","760","33070","31810"
"New entrant CS","2021","Unknown","East Midlands (England)","120","100","23240","22920"
"New entrant CS","2021","Unknown","East of England","190","180","21800","22920"
"New entrant CS","2021","Unknown","London","270","260","26420","26810"
"New entrant CS","2021","Unknown","North East (England)","80","70","23110","22920"
"New entrant CS","2021","Unknown","North West (England)","160","130","25330","22920"
"New entrant CS","2021","Unknown","Scotland","[c]","[c]","[c]","[c]"
"New entrant CS","2021","Unknown","South East (England)","240","220","23940","22920"
"New entrant CS","2021","Unknown","South West (England)","270","250","29340","25000"
"New entrant CS","2021","Unknown","Unknown","320","320","[c]","[c]"
"New entrant CS","2021","Unknown","Wales","70","70","22160","22920"
"New entrant CS","2021","Unknown","West Midlands (England)","180","150","22580","22920"
"New entrant CS","2021","Unknown","Yorkshire and The Humber","110","100","22460","22920"
"New entrant CS","2022","AA/AO","East Midlands (England)","1610","1570","21570","21260"
"New entrant CS","2022","AA/AO","East of England","1300","1270","23130","22180"
"New entrant CS","2022","AA/AO","London","1900","1860","25200","24900"
"New entrant CS","2022","AA/AO","North East (England)","2040","1980","21450","21260"
"New entrant CS","2022","AA/AO","North West (England)","3660","3550","21370","21260"
"New entrant CS","2022","AA/AO","Northern Ireland","240","230","21120","21250"
"New entrant CS","2022","AA/AO","Overseas","[c]","[c]","[c]","[c]"
"New entrant CS","2022","AA/AO","Scotland","3320","3230","21730","21250"
"New entrant CS","2022","AA/AO","South East (England)","2350","2250","23570","22230"
"New entrant CS","2022","AA/AO","South West (England)","1700","1650","21350","21260"
"New entrant CS","2022","AA/AO","Unknown","130","120","20990","21260"
"New entrant CS","2022","AA/AO","Wales","1960","1880","20950","21250"
"New entrant CS","2022","AA/AO","West Midlands (England)","1880","1820","21500","21250"
"New entrant CS","2022","AA/AO","Yorkshire and The Humber","2040","1980","21670","21260"
"New entrant CS","2022","EO","East Midlands (England)","780","770","26690","26590"
"New entrant CS","2022","EO","East of England","690","650","27730","27570"
"New entrant CS","2022","EO","London","3780","3630","28880","28650"
"New entrant CS","2022","EO","North East (England)","920","910","26600","26590"
"New entrant CS","2022","EO","North West (England)","2110","2080","26700","26590"
"New entrant CS","2022","EO","Northern Ireland","160","160","26160","26590"
"New entrant CS","2022","EO","Overseas","[c]","[c]","[c]","[c]"
"New entrant CS","2022","EO","Scotland","2010","1960","26990","27230"
"New entrant CS","2022","EO","South East (England)","1020","960","27010","26350"
"New entrant CS","2022","EO","South West (England)","1080","1050","24620","25000"
"New entrant CS","2022","EO","Unknown","120","100","27870","27570"
"New entrant CS","2022","EO","Wales","800","780","26440","26590"
"New entrant CS","2022","EO","West Midlands (England)","1370","1340","26760","27370"
"New entrant CS","2022","EO","Yorkshire and The Humber","1380","1340","26490","26590"
"New entrant CS","2022","G6/G7","East Midlands (England)","80","70","54860","50430"
"New entrant CS","2022","G6/G7","East of England","80","70","59900","53500"
"New entrant CS","2022","G6/G7","London","1770","1700","58380","54770"
"New entrant CS","2022","G6/G7","North East (England)","160","160","53630","51100"
"New entrant CS","2022","G6/G7","North West (England)","380","370","55990","53000"
"New entrant CS","2022","G6/G7","Northern Ireland","[c]","[c]","[c]","[c]"
"New entrant CS","2022","G6/G7","Overseas","[c]","[c]","[c]","[c]"
"New entrant CS","2022","G6/G7","Scotland","480","470","56590","53480"
"New entrant CS","2022","G6/G7","South East (England)","240","230","57100","53210"
"New entrant CS","2022","G6/G7","South West (England)","400","380","54220","51500"
"New entrant CS","2022","G6/G7","Unknown","50","50","[c]","[c]"
"New entrant CS","2022","G6/G7","Wales","200","200","55450","52000"
"New entrant CS","2022","G6/G7","West Midlands (England)","270","270","55970","51300"
"New entrant CS","2022","G6/G7","Yorkshire and The Humber","420","400","55220","52050"
"New entrant CS","2022","SCS","East Midlands (England)","[c]","[c]","[c]","[c]"
"New entrant CS","2022","SCS","East of England","[c]","[c]","[c]","[c]"
"New entrant CS","2022","SCS","London","200","190","100570","92780"
"New entrant CS","2022","SCS","North East (England)","[c]","[c]","[c]","[c]"
"New entrant CS","2022","SCS","North West (England)","[c]","[c]","[c]","[c]"
"New entrant CS","2022","SCS","Northern Ireland","[c]","[c]","[c]","[c]"
"New entrant CS","2022","SCS","Scotland","[c]","[c]","[c]","[c]"
"New entrant CS","2022","SCS","South East (England)","[c]","[c]","[c]","[c]"
"New entrant CS","2022","SCS","South West (England)","[c]","[c]","[c]","[c]"
"New entrant CS","2022","SCS","Unknown","[c]","[c]","[c]","[c]"
"New entrant CS","2022","SCS","Wales","[c]","[c]","[c]","[c]"
"New entrant CS","2022","SCS","West Midlands (England)","[c]","[c]","[c]","[c]"
"New entrant CS","2022","SCS","Yorkshire and The Humber","[c]","[c]","[c]","[c]"
"New entrant CS","2022","SEO/HEO","East Midlands (England)","480","460","34260","33080"
"New entrant CS","2022","SEO/HEO","East of England","320","300","35900","34000"
"New entrant CS","2022","SEO/HEO","London","5020","4890","35940","34710"
"New entrant CS","2022","SEO/HEO","North East (England)","560","550","33520","33080"
"New entrant CS","2022","SEO/HEO","North West (England)","1260","1240","34210","33080"
"New entrant CS","2022","SEO/HEO","Northern Ireland","170","170","34480","33080"
"New entrant CS","2022","SEO/HEO","Overseas","30","30","[c]","[c]"
"New entrant CS","2022","SEO/HEO","Scotland","1740","1710","35690","33080"
"New entrant CS","2022","SEO/HEO","South East (England)","800","780","33860","33000"
"New entrant CS","2022","SEO/HEO","South West (England)","1550","1510","34190","33000"
"New entrant CS","2022","SEO/HEO","Unknown","170","140","31760","30900"
"New entrant CS","2022","SEO/HEO","Wales","810","790","34790","33080"
"New entrant CS","2022","SEO/HEO","West Midlands (England)","850","830","34320","33080"
"New entrant CS","2022","SEO/HEO","Yorkshire and The Humber","1100","1020","34160","33080"
"New entrant CS","2022","Unknown","East Midlands (England)","680","610","28160","25480"
"New entrant CS","2022","Unknown","East of England","900","820","27280","24800"
"New entrant CS","2022","Unknown","London","1090","1020","34270","32090"
"New entrant CS","2022","Unknown","North East (England)","520","500","28170","26980"
"New entrant CS","2022","Unknown","North West (England)","1410","1310","27620","24800"
"New entrant CS","2022","Unknown","Scotland","[c]","[c]","[c]","[c]"
"New entrant CS","2022","Unknown","South East (England)","1090","1000","28580","25480"
"New entrant CS","2022","Unknown","South West (England)","970","890","28950","26310"
"New entrant CS","2022","Unknown","Unknown","400","370","23820","16190"
"New entrant CS","2022","Unknown","Wales","420","410","26200","23170"
"New entrant CS","2022","Unknown","West Midlands (England)","860","770","27820","24800"
"New entrant CS","2022","Unknown","Yorkshire and The Humber","910","820","28030","25480"
"Notes","Summary figures are suppressed when information relates to less than 30 civil servants for FTE or Headcount, and less than 50 civil servants for median and mean salary (shown as [c]). Additionally, zero responses have been suppressed for GPDR protected characteristics. Figures are rounded to the nearest 10, or £10 as appropriate.","","","","","",""
"Data source","All figures are aggregated from the Cabinet Office Annual Civil Service Employment Survey collection. https://www.gov.uk/government/collections/civil-service-statistics","","","","","",""
"Version","Generated on 2022-07-26, with GIT 03ee02c.","","","","","",""
"Data column","Description","","","","","",""
"Status","Employment status of the civil servants.","","","","","",""
"","In post - includes staff that were in post on the reference date (31 March).","","","","","",""
"","New entrant CS - includes new entrants to the Civil Service over the year (1 April to 31 March).","","","","","",""
"","Leaver CS - includes leavers from the Civil Service over the year (1 April to 31 March). This includes employees who have an Unknown leaving cause.","","","","","",""
"","Leaver Dept. - includes leavers from the department over the year (1 April to 31 March), who did not leave the Civil Service.","","","","","",""
"","Organisation specific notes on status: In late June 2021 around 7,000 employees from Community Rehabilitation Companies were transferred in from the private sector to HM Prison and Probation Service, counting as entrants. The Defence Electronics and Components Agency does not record the date in which their employees first enter the Civil Service and so entrants data is not available. HM Land Registry do not record where their departing employees transfer to and so are unable to identify those that transfer to another Civil Service department.","","","","","",""
"Year","Year of data collection (as at March 31st).","","","","","",""
"Responsibility_level","With the exception of the Senior Civil Service level, government departments have delegated pay and grading. For statistical purposes departments are asked to map their grades to a common framework by responsibility level.","","","","","",""
"","This table shows staff in their substantive responsibility level unless on temporary promotion in which case staff are recorded at the higher responsibility level.","","","","","",""
"Region_ITL1","Workplace postcode data are used to derive geographical information using the International Territorial Level (ITL) classification standard.","","","","","",""
"","Following the UK's withdrawal from the EU, a new UK-managed international statistical geography - International Territorial Levels (ITL) - was introduced from 1st January 2021, replacing the former NUTS classification. They align with international standards, enabling comparability both over time and internationally. To ensure continued alignment, the ITLs mirror the NUTS system. They also follow a similar review timetable - every three years.","","","","","",""
"","ITL 1 divides into Wales, Scotland, Northern Ireland, and the 9 statistical regions of England.","","","","","",""
"Headcount","Total number of civil servants (rounded to nearest 10).","","","","","",""
"FTE","Total full-time equivalent employment numbers (rounded to nearest 10).","","","","","",""
"Mean_salary","Average salary (mean, rounded to nearest £10). For part-time employees, salaries represent the full-time equivalent earnings, while for full-time employees they are the actual annual gross salaries.","","","","","",""
"Median_salary","Median salary (rounded to nearest £10). For part-time employees, salaries represent the full-time equivalent earnings, while for full-time employees they are the actual annual gross salaries.","","","","","",""
