"Status","Year","Organisation","Headcount","FTE","Mean_salary","Median_salary"
"In post","2021","Accountant in Bankruptcy","120","100","31670","29190"
"In post","2021","Advisory, Conciliation and Arbitration Service","1060","990","33090","30950"
"In post","2021","Animal and Plant Health Agency","2680","2530","30660","27960"
"In post","2021","Attorney General's Office","50","50","[c]","[c]"
"In post","2021","Cabinet Office (excl. agencies)","9460","9280","46670","38230"
"In post","2021","Centre for Environment, Fisheries and Aquaculture Science","610","580","34090","29750"
"In post","2021","Charity Commission","440","420","34850","29160"
"In post","2021","Companies House","1100","1010","30780","25460"
"In post","2021","Competition and Markets Authority","840","820","60550","56360"
"In post","2021","Criminal Injuries Compensation Authority","300","280","26120","22640"
"In post","2021","Crown Commercial Service","790","760","37780","34800"
"In post","2021","Crown Office and Procurator Fiscal Service","2020","1880","35720","29040"
"In post","2021","Crown Prosecution Service","6750","6270","41360","38000"
"In post","2021","Crown Prosecution Service Inspectorate","[c]","[c]","[c]","[c]"
"In post","2021","Debt Management Office","110","110","58680","51550"
"In post","2021","Defence Electronics and Components Agency","440","420","28410","28110"
"In post","2021","Defence Equipment and Support","10700","10340","36390","33740"
"In post","2021","Defence Science and Technology Laboratory","4380","4220","40430","37410"
"In post","2021","Department for Business, Energy and Industrial Strategy (excl. agencies)","5330","5210","48890","49420"
"In post","2021","Department for Digital, Culture, Media and Sport","1780","1750","49140","51730"
"In post","2021","Department for Education (excl. agencies)","5700","5490","44380","40510"
"In post","2021","Department for Environment, Food and Rural Affairs (excl. agencies)","5410","5210","42470","38080"
"In post","2021","Department for International Trade","2690","2660","45830","39930"
"In post","2021","Department for Transport (excl. agencies)","3510","3420","47760","43360"
"In post","2021","Department for Work and Pensions (excl. agencies)","90950","81420","27650","27570"
"In post","2021","Department of Health and Social Care (excl. agencies)","3520","3440","46710","40650"
"In post","2021","Disclosure Scotland","310","290","28110","23170"
"In post","2021","Driver and Vehicle Licensing Agency","6230","5490","26100","21590"
"In post","2021","Driver and Vehicle Standards Agency","4790","4520","29660","26780"
"In post","2021","Education and Skills Funding Agency","1820","1760","41880","37100"
"In post","2021","Education Scotland","320","300","55840","61010"
"In post","2021","ESTYN","110","100","58000","74730"
"In post","2021","FCDO Services","1080","1040","40360","37360"
"In post","2021","Food Standards Agency","1310","1280","37260","32830"
"In post","2021","Food Standards Scotland","250","240","35100","30650"
"In post","2021","Foreign, Commonwealth and Development Office (excl. agencies)","7470","7330","48580","44770"
"In post","2021","Forestry and Land Scotland","990","960","31490","29140"
"In post","2021","Government Actuary's Department","210","200","65530","57680"
"In post","2021","Government Internal Audit Agency","460","440","48630","46360"
"In post","2021","Government Legal Department","2530","2360","54560","52080"
"In post","2021","Government Property Agency","210","210","49220","49700"
"In post","2021","Health and Safety Executive","2580","2420","43280","41000"
"In post","2021","HM Courts and Tribunals Service","16600","15010","24730","21180"
"In post","2021","HM Land Registry","6350","5770","31090","27130"
"In post","2021","HM Prison and Probation Service","54030","51030","30220","28300"
"In post","2021","HM Revenue and Customs (excl. agencies)","62940","57810","31180","27230"
"In post","2021","HM Treasury (excl. agencies)","2020","1980","47240","52500"
"In post","2021","Home Office (incl. agencies)","35370","32870","31970","27370"
"In post","2021","Insolvency Service","1810","1730","32680","29320"
"In post","2021","Institute for Apprenticeships and Technical Education","210","210","49250","50470"
"In post","2021","Legal Aid Agency","1190","1120","28460","22570"
"In post","2021","Maritime and Coastguard Agency","1230","1180","37070","32250"
"In post","2021","Medicines and Healthcare Products Regulatory Agency","1330","1280","48110","41080"
"In post","2021","Met Office","2100","2000","40090","39650"
"In post","2021","Ministry of Defence (excl. agencies)","37700","36430","32210","28670"
"In post","2021","Ministry of Housing, Communities and Local Government (excl. agencies)","2500","2440","45980","41780"
"In post","2021","Ministry of Justice (excl. agencies)","5340","5200","41980","36800"
"In post","2021","National Crime Agency","5480","5350","40070","37560"
"In post","2021","National Infrastructure Commission","40","40","[c]","[c]"
"In post","2021","National Records of Scotland","440","410","34520","32140"
"In post","2021","National Savings and Investments","200","200","51470","45880"
"In post","2021","Northern Ireland Office","160","160","43930","37690"
"In post","2021","Office for Budget Responsibility","40","30","[c]","[c]"
"In post","2021","Office for Standards in Education, Children's Services and Skills","1780","1710","49320","51360"
"In post","2021","Office of Gas and Electricity Markets","1180","1160","44810","38550"
"In post","2021","Office of Qualifications and Examinations Regulation","260","250","45520","40580"
"In post","2021","Office of Rail and Road","330","320","54170","55210"
"In post","2021","Office of the Public Guardian","1420","1310","22070","19930"
"In post","2021","Office of the Scottish Charity Regulator","50","50","[c]","[c]"
"In post","2021","Planning Inspectorate","860","780","43430","42500"
"In post","2021","Public Health England","6910","6320","43900","38200"
"In post","2021","Queen Elizabeth II Centre","40","40","[c]","[c]"
"In post","2021","Registers of Scotland","1160","1110","32880","30080"
"In post","2021","Revenue Scotland","60","50","43440","38540"
"In post","2021","Royal Fleet Auxiliary","1830","1830","37620","34460"
"In post","2021","Rural Payments Agency","2180","1990","26590","24920"
"In post","2021","Scotland Office (incl. Office of the Advocate General for Scotland)","120","110","47990","46600"
"In post","2021","Scottish Courts and Tribunals Service","1800","1630","27930","22820"
"In post","2021","Scottish Fiscal Commission","[c]","[c]","[c]","[c]"
"In post","2021","Scottish Forestry","190","180","35290","35330"
"In post","2021","Scottish Government (excl. agencies)","7820","7490","43090","38540"
"In post","2021","Scottish Housing Regulator","50","50","[c]","[c]"
"In post","2021","Scottish Prison Service","4490","4200","31750","33650"
"In post","2021","Scottish Public Pensions Agency","290","260","29650","26160"
"In post","2021","Serious Fraud Office","490","480","46240","40700"
"In post","2021","Social Security Scotland","1140","1100","31620","26650"
"In post","2021","Standards and Testing Agency","130","120","43400","41400"
"In post","2021","Student Awards Agency for Scotland","240","230","29770","26160"
"In post","2021","Submarine Delivery Agency","1790","1750","41540","39860"
"In post","2021","Teaching Regulation Agency","70","70","31490","29360"
"In post","2021","The National Archives","540","520","35580","33330"
"In post","2021","Transport Scotland","490","480","44230","42190"
"In post","2021","UK Export Finance","400","390","53500","48830"
"In post","2021","UK Hydrographic Office","840","800","34760","33290"
"In post","2021","UK Intellectual Property Office","1520","1430","37770","31010"
"In post","2021","UK Space Agency","260","250","46880","41060"
"In post","2021","UK Supreme Court","60","50","38600","35150"
"In post","2021","United Kingdom Statistics Authority","5550","4960","32530","29540"
"In post","2021","Valuation Office Agency","3540","3280","33710","30000"
"In post","2021","Vehicle Certification Agency","210","200","36020","34290"
"In post","2021","Veterinary Medicines Directorate","170","160","42670","38820"
"In post","2021","Wales Office","40","40","[c]","[c]"
"In post","2021","Water Services Regulation Authority","250","240","56120","50170"
"In post","2021","Welsh Government (excl. agencies)","5700","5390","40990","37410"
"In post","2021","Welsh Revenue Authority","70","70","45660","43760"
"In post","2021","Wilton Park","90","80","34080","29410"
"In post","2022","Accountant in Bankruptcy","110","100","32650","30040"
"In post","2022","Advisory, Conciliation and Arbitration Service","1030","960","33290","30950"
"In post","2022","Animal and Plant Health Agency","2910","2760","30550","27960"
"In post","2022","Attorney General's Office","50","40","[c]","[c]"
"In post","2022","Cabinet Office (excl. agencies)","9930","9750","47220","40600"
"In post","2022","Centre for Environment, Fisheries and Aquaculture Science","650","620","34110","30220"
"In post","2022","Charity Commission","470","440","34000","29160"
"In post","2022","Companies House","1180","1090","30980","25100"
"In post","2022","Competition and Markets Authority","860","830","61280","57000"
"In post","2022","Criminal Injuries Compensation Authority","320","300","27600","25120"
"In post","2022","Crown Commercial Service","810","790","40080","38600"
"In post","2022","Crown Office and Procurator Fiscal Service","2350","2210","36710","31540"
"In post","2022","Crown Prosecution Service","7040","6570","41400","38000"
"In post","2022","Defence Electronics and Components Agency","440","420","29380","29470"
"In post","2022","Defence Equipment and Support","10740","10360","36770","34000"
"In post","2022","Defence Science and Technology Laboratory","4650","4480","41080","38110"
"In post","2022","Department for Business, Energy and Industrial Strategy (excl. agencies)","6010","5880","48830","49080"
"In post","2022","Department for Digital, Culture, Media and Sport","2010","1980","46970","51730"
"In post","2022","Department for Education (excl. agencies)","6300","6080","44190","40300"
"In post","2022","Department for Environment, Food and Rural Affairs (excl. agencies)","6490","6260","42030","38060"
"In post","2022","Department for International Trade","2880","2850","46590","42310"
"In post","2022","Department for Levelling Up, Housing and Communities (excl. agencies)","3310","3230","45690","40600"
"In post","2022","Department for Transport (excl. agencies)","3670","3570","48480","43360"
"In post","2022","Department for Work and Pensions (excl. agencies)","91450","82100","28080","27570"
"In post","2022","Department of Health and Social Care (excl. agencies)","4070","3940","47460","43480"
"In post","2022","Disclosure Scotland","360","330","29150","23230"
"In post","2022","Driver and Vehicle Licensing Agency","6360","5640","26330","21840"
"In post","2022","Driver and Vehicle Standards Agency","4920","4650","29590","26830"
"In post","2022","Education and Skills Funding Agency","1900","1840","41390","36960"
"In post","2022","Education Scotland","330","320","57430","62170"
"In post","2022","Estyn","110","110","59220","75480"
"In post","2022","FCDO Services","1090","1040","40200","37480"
"In post","2022","Food Standards Agency","1460","1420","37600","32830"
"In post","2022","Food Standards Scotland","300","290","35950","31540"
"In post","2022","Foreign, Commonwealth and Development Office (excl. agencies)","7080","6940","49220","48400"
"In post","2022","Forestry and Land Scotland","1020","980","32880","31060"
"In post","2022","Government Actuary's Department","220","210","65910","57250"
"In post","2022","Government Internal Audit Agency","460","430","48780","46370"
"In post","2022","Government Legal Department","2630","2450","54200","51830"
"In post","2022","Government Property Agency","310","310","50830","49700"
"In post","2022","Health and Safety Executive","2710","2560","42780","39500"
"In post","2022","HM Courts and Tribunals Service","16110","14600","26770","23720"
"In post","2022","HM Crown Prosecution Service Inspectorate","30","30","[c]","[c]"
"In post","2022","HM Land Registry","6630","6040","31310","27130"
"In post","2022","HM Prison and Probation Service","61710","58160","30330","28200"
"In post","2022","HM Revenue and Customs (excl. agencies)","67510","62710","33310","30750"
"In post","2022","HM Treasury (excl. agencies)","2110","2060","47470","49500"
"In post","2022","Home Office","36540","34230","32660","28650"
"In post","2022","Institute for Apprenticeships and Technical Education","280","280","48740","49960"
"In post","2022","Intellectual Property Office","1710","1620","38380","32100"
"In post","2022","Legal Aid Agency","1170","1090","30010","25120"
"In post","2022","Maritime and Coastguard Agency","1240","1200","37390","34040"
"In post","2022","Medicines and Healthcare Products Regulatory Agency","1130","1100","49200","42160"
"In post","2022","Met Office","2170","2060","39640","39650"
"In post","2022","Ministry of Defence (excl. agencies)","37370","36110","32920","29250"
"In post","2022","Ministry of Justice (excl. agencies)","6160","6010","43140","41100"
"In post","2022","National Crime Agency","5550","5400","40690","37860"
"In post","2022","National Infrastructure Commission","50","50","[c]","[c]"
"In post","2022","National Records of Scotland","460","430","36140","33070"
"In post","2022","National Savings and Investments","200","200","50940","46110"
"In post","2022","Northern Ireland Office","180","180","46380","41750"
"In post","2022","Office for Budget Responsibility","40","40","[c]","[c]"
"In post","2022","Office for Standards in Education, Children's Services and Skills","1830","1760","50310","51360"
"In post","2022","Office of Gas and Electricity Markets","1350","1330","43480","37120"
"In post","2022","Office of Qualifications and Examinations Regulation","290","280","44640","40190"
"In post","2022","Office of Rail and Road","350","340","54060","54890"
"In post","2022","Office of the Public Guardian","1430","1320","24010","20970"
"In post","2022","Office of the Scottish Charity Regulator","40","40","[c]","[c]"
"In post","2022","Office of the Secretary of State for Scotland (incl. Office of the Advocate General for Scotland)","120","110","48480","47490"
"In post","2022","Office of the Secretary of State for Wales","50","40","[c]","[c]"
"In post","2022","Planning Inspectorate","800","730","43070","41020"
"In post","2022","Queen Elizabeth II Centre","40","40","[c]","[c]"
"In post","2022","Registers of Scotland","1180","1130","33920","30840"
"In post","2022","Revenue Scotland","80","80","39500","36130"
"In post","2022","Royal Fleet Auxiliary","1760","1760","37450","34160"
"In post","2022","Rural Payments Agency","2560","2360","26130","21300"
"In post","2022","Scottish Courts and Tribunals Service","1920","1750","28590","23780"
"In post","2022","Scottish Fiscal Commission","[c]","[c]","[c]","[c]"
"In post","2022","Scottish Forestry","190","180","36060","31060"
"In post","2022","Scottish Government (excl. agencies)","8850","8500","44110","39660"
"In post","2022","Scottish Housing Regulator","50","50","53340","51490"
"In post","2022","Scottish Prison Service","4560","4270","32780","35000"
"In post","2022","Scottish Public Pensions Agency","310","280","30300","25930"
"In post","2022","Serious Fraud Office","460","450","47240","41370"
"In post","2022","Social Security Scotland","2450","2380","30730","27230"
"In post","2022","Standards and Testing Agency","130","120","41970","40780"
"In post","2022","Student Awards Agency for Scotland","230","220","31560","27230"
"In post","2022","Submarine Delivery Agency","1950","1900","41060","39110"
"In post","2022","Teaching Regulation Agency","80","80","30800","26000"
"In post","2022","The Insolvency Service","1720","1640","33110","29610"
"In post","2022","The National Archives","580","550","35710","33500"
"In post","2022","Transport Scotland","530","510","45450","43000"
"In post","2022","UK Debt Management Office","120","110","58090","51220"
"In post","2022","UK Export Finance","500","490","52780","48000"
"In post","2022","UK Health Security Agency","6610","6160","43120","37450"
"In post","2022","UK Hydrographic Office","910","870","35350","33290"
"In post","2022","UK Space Agency","260","260","45940","40220"
"In post","2022","UK Statistics Authority","5880","5270","33790","30710"
"In post","2022","UK Supreme Court","50","50","38660","31960"
"In post","2022","Valuation Office Agency","3860","3620","34990","31630"
"In post","2022","Vehicle Certification Agency","210","200","35960","34290"
"In post","2022","Veterinary Medicines Directorate","170","170","40360","38750"
"In post","2022","Water Services Regulation Authority","260","250","54620","48720"
"In post","2022","Welsh Government (excl. agencies)","5890","5560","41930","38160"
"In post","2022","Welsh Revenue Authority","80","80","43900","40100"
"In post","2022","Wilton Park","80","80","34680","30700"
"Leaver CS","2021","Accountant in Bankruptcy","[c]","[c]","[c]","[c]"
"Leaver CS","2021","Advisory, Conciliation and Arbitration Service","50","50","[c]","[c]"
"Leaver CS","2021","Animal and Plant Health Agency","140","130","28800","24370"
"Leaver CS","2021","Attorney General's Office","[c]","[c]","[c]","[c]"
"Leaver CS","2021","Cabinet Office (excl. agencies)","380","370","47670","36000"
"Leaver CS","2021","Centre for Environment, Fisheries and Aquaculture Science","40","40","[c]","[c]"
"Leaver CS","2021","Charity Commission","30","30","[c]","[c]"
"Leaver CS","2021","Companies House","40","40","[c]","[c]"
"Leaver CS","2021","Competition and Markets Authority","80","80","53210","46510"
"Leaver CS","2021","Criminal Injuries Compensation Authority","[c]","[c]","[c]","[c]"
"Leaver CS","2021","Crown Commercial Service","40","40","[c]","[c]"
"Leaver CS","2021","Crown Office and Procurator Fiscal Service","90","70","32070","22220"
"Leaver CS","2021","Crown Prosecution Service","270","240","43650","50520"
"Leaver CS","2021","Crown Prosecution Service Inspectorate","[c]","[c]","[c]","[c]"
"Leaver CS","2021","Debt Management Office","[c]","[c]","[c]","[c]"
"Leaver CS","2021","Defence Electronics and Components Agency","[c]","[c]","[c]","[c]"
"Leaver CS","2021","Defence Equipment and Support","470","440","34710","31670"
"Leaver CS","2021","Defence Science and Technology Laboratory","210","200","31160","28650"
"Leaver CS","2021","Department for Business, Energy and Industrial Strategy (excl. agencies)","200","190","48690","41900"
"Leaver CS","2021","Department for Digital, Culture, Media and Sport","80","80","[c]","[c]"
"Leaver CS","2021","Department for Education (excl. agencies)","290","280","43470","40300"
"Leaver CS","2021","Department for Environment, Food and Rural Affairs (excl. agencies)","270","250","38160","33510"
"Leaver CS","2021","Department for International Development","[c]","[c]","[c]","[c]"
"Leaver CS","2021","Department for International Trade","150","140","38160","32000"
"Leaver CS","2021","Department for Transport (excl. agencies)","110","100","43230","35330"
"Leaver CS","2021","Department for Work and Pensions (excl. agencies)","4390","3730","26450","26120"
"Leaver CS","2021","Department of Health and Social Care (excl. agencies)","180","[c]","[c]","[c]"
"Leaver CS","2021","Disclosure Scotland","[c]","[c]","[c]","[c]"
"Leaver CS","2021","Driver and Vehicle Licensing Agency","280","220","23360","21590"
"Leaver CS","2021","Driver and Vehicle Standards Agency","230","190","28560","26700"
"Leaver CS","2021","Education and Skills Funding Agency","60","60","42800","36960"
"Leaver CS","2021","Education Scotland","[c]","[c]","[c]","[c]"
"Leaver CS","2021","ESTYN","[c]","[c]","[c]","[c]"
"Leaver CS","2021","FCDO Services","70","60","39330","33880"
"Leaver CS","2021","Food Standards Agency","50","50","37120","35010"
"Leaver CS","2021","Food Standards Scotland","[c]","[c]","[c]","[c]"
"Leaver CS","2021","Foreign and Commonwealth Office (excl. agencies)","50","[c]","[c]","[c]"
"Leaver CS","2021","Foreign, Commonwealth and Development Office (excl. agencies)","120","50","49600","47930"
"Leaver CS","2021","Forestry and Land Scotland","60","60","30150","28120"
"Leaver CS","2021","Government Actuary's Department","[c]","[c]","[c]","[c]"
"Leaver CS","2021","Government Internal Audit Agency","30","30","[c]","[c]"
"Leaver CS","2021","Government Legal Department","110","100","55960","53700"
"Leaver CS","2021","Government Property Agency","[c]","[c]","[c]","[c]"
"Leaver CS","2021","Health and Safety Executive","120","110","43620","43320"
"Leaver CS","2021","HM Courts and Tribunals Service","1380","1200","23480","20100"
"Leaver CS","2021","HM Land Registry","270","220","31660","27130"
"Leaver CS","2021","HM Prison and Probation Service","4130","3790","36400","31470"
"Leaver CS","2021","HM Revenue and Customs (excl. agencies)","5430","4570","[c]","[c]"
"Leaver CS","2021","HM Treasury (excl. agencies)","80","80","[c]","[c]"
"Leaver CS","2021","Home Office (incl. agencies)","1330","1160","30350","25990"
"Leaver CS","2021","Insolvency Service","70","70","29380","25970"
"Leaver CS","2021","Institute for Apprenticeships and Technical Education","[c]","[c]","[c]","[c]"
"Leaver CS","2021","Legal Aid Agency","40","40","[c]","[c]"
"Leaver CS","2021","Maritime and Coastguard Agency","100","100","36950","32700"
"Leaver CS","2021","Medicines and Healthcare Products Regulatory Agency","100","90","46080","40230"
"Leaver CS","2021","Met Office","90","80","[c]","[c]"
"Leaver CS","2021","Ministry of Defence (excl. agencies)","2280","2140","31350","28670"
"Leaver CS","2021","Ministry of Housing, Communities and Local Government (excl. agencies)","100","90","43040","39600"
"Leaver CS","2021","Ministry of Justice (excl. agencies)","230","220","39310","32080"
"Leaver CS","2021","National Crime Agency","180","170","43800","40210"
"Leaver CS","2021","National Infrastructure Commission","[c]","[c]","[c]","[c]"
"Leaver CS","2021","National Records of Scotland","[c]","[c]","[c]","[c]"
"Leaver CS","2021","National Savings and Investments","[c]","[c]","[c]","[c]"
"Leaver CS","2021","Northern Ireland Office","[c]","[c]","[c]","[c]"
"Leaver CS","2021","Office for Budget Responsibility","[c]","[c]","[c]","[c]"
"Leaver CS","2021","Office for Standards in Education, Children's Services and Skills","130","120","52150","51360"
"Leaver CS","2021","Office of Gas and Electricity Markets","80","80","43720","36980"
"Leaver CS","2021","Office of Qualifications and Examinations Regulation","[c]","[c]","[c]","[c]"
"Leaver CS","2021","Office of Rail and Road","[c]","[c]","[c]","[c]"
"Leaver CS","2021","Office of the Public Guardian","70","60","22660","20650"
"Leaver CS","2021","Office of the Scottish Charity Regulator","[c]","[c]","[c]","[c]"
"Leaver CS","2021","Planning Inspectorate","50","50","40410","41020"
"Leaver CS","2021","Public Health England","750","680","40530","33930"
"Leaver CS","2021","Queen Elizabeth II Centre","[c]","[c]","[c]","[c]"
"Leaver CS","2021","Registers of Scotland","[c]","[c]","[c]","[c]"
"Leaver CS","2021","Revenue Scotland","[c]","[c]","[c]","[c]"
"Leaver CS","2021","Royal Fleet Auxiliary","150","150","35020","32400"
"Leaver CS","2021","Rural Payments Agency","90","80","25660","22800"
"Leaver CS","2021","Scotland Office (incl. Office of the Advocate General for Scotland)","[c]","[c]","[c]","[c]"
"Leaver CS","2021","Scottish Courts and Tribunals Service","100","90","27950","22820"
"Leaver CS","2021","Scottish Fiscal Commission","[c]","[c]","[c]","[c]"
"Leaver CS","2021","Scottish Forestry","[c]","[c]","[c]","[c]"
"Leaver CS","2021","Scottish Government (excl. agencies)","270","250","41610","35110"
"Leaver CS","2021","Scottish Housing Regulator","[c]","[c]","[c]","[c]"
"Leaver CS","2021","Scottish Prison Service","240","210","32460","33650"
"Leaver CS","2021","Scottish Public Pensions Agency","[c]","[c]","[c]","[c]"
"Leaver CS","2021","Serious Fraud Office","[c]","[c]","[c]","[c]"
"Leaver CS","2021","Social Security Scotland","[c]","[c]","[c]","[c]"
"Leaver CS","2021","Standards and Testing Agency","[c]","[c]","[c]","[c]"
"Leaver CS","2021","Student Awards Agency for Scotland","[c]","[c]","[c]","[c]"
"Leaver CS","2021","Submarine Delivery Agency","50","50","39000","39070"
"Leaver CS","2021","The National Archives","30","30","[c]","[c]"
"Leaver CS","2021","Transport Scotland","[c]","[c]","[c]","[c]"
"Leaver CS","2021","UK Export Finance","[c]","[c]","[c]","[c]"
"Leaver CS","2021","UK Hydrographic Office","50","50","35220","33290"
"Leaver CS","2021","UK Intellectual Property Office","40","30","[c]","[c]"
"Leaver CS","2021","UK Space Agency","[c]","[c]","[c]","[c]"
"Leaver CS","2021","UK Supreme Court","[c]","[c]","[c]","[c]"
"Leaver CS","2021","United Kingdom Statistics Authority","300","250","28650","22590"
"Leaver CS","2021","Valuation Office Agency","260","220","29810","25900"
"Leaver CS","2021","Vehicle Certification Agency","[c]","[c]","[c]","[c]"
"Leaver CS","2021","Veterinary Medicines Directorate","[c]","[c]","[c]","[c]"
"Leaver CS","2021","Wales Office","[c]","[c]","[c]","[c]"
"Leaver CS","2021","Water Services Regulation Authority","30","30","[c]","[c]"
"Leaver CS","2021","Welsh Government (excl. agencies)","140","130","42910","37410"
"Leaver CS","2021","Welsh Revenue Authority","[c]","[c]","[c]","[c]"
"Leaver CS","2021","Wilton Park","[c]","[c]","[c]","[c]"
"Leaver CS","2022","Accountant in Bankruptcy","[c]","[c]","[c]","[c]"
"Leaver CS","2022","Advisory, Conciliation and Arbitration Service","70","60","32450","30550"
"Leaver CS","2022","Animal and Plant Health Agency","280","250","29600","24920"
"Leaver CS","2022","Attorney General's Office","[c]","[c]","[c]","[c]"
"Leaver CS","2022","Cabinet Office (excl. agencies)","720","700","50760","43060"
"Leaver CS","2022","Centre for Environment, Fisheries and Aquaculture Science","50","40","[c]","[c]"
"Leaver CS","2022","Charity Commission","60","60","35540","29230"
"Leaver CS","2022","Companies House","80","70","30240","24500"
"Leaver CS","2022","Competition and Markets Authority","100","90","52500","53530"
"Leaver CS","2022","Criminal Injuries Compensation Authority","[c]","[c]","[c]","[c]"
"Leaver CS","2022","Crown Commercial Service","80","80","38300","35940"
"Leaver CS","2022","Crown Office and Procurator Fiscal Service","110","100","33410","23230"
"Leaver CS","2022","Crown Prosecution Service","410","370","40520","38000"
"Leaver CS","2022","Defence Electronics and Components Agency","[c]","[c]","[c]","[c]"
"Leaver CS","2022","Defence Equipment and Support","890","840","33430","30420"
"Leaver CS","2022","Defence Science and Technology Laboratory","300","290","36490","36160"
"Leaver CS","2022","Department for Business, Energy and Industrial Strategy (excl. agencies)","310","300","46290","40220"
"Leaver CS","2022","Department for Digital, Culture, Media and Sport","160","150","41960","36000"
"Leaver CS","2022","Department for Education (excl. agencies)","360","350","40810","36500"
"Leaver CS","2022","Department for Environment, Food and Rural Affairs (excl. agencies)","430","420","[c]","[c]"
"Leaver CS","2022","Department for International Trade","220","220","[c]","[c]"
"Leaver CS","2022","Department for Levelling Up, Housing and Communities (excl. agencies)","170","160","43150","38300"
"Leaver CS","2022","Department for Transport (excl. agencies)","230","230","45340","42470"
"Leaver CS","2022","Department for Work and Pensions (excl. agencies)","8660","7620","26990","27570"
"Leaver CS","2022","Department of Health and Social Care (excl. agencies)","630","40","[c]","[c]"
"Leaver CS","2022","Disclosure Scotland","[c]","[c]","[c]","[c]"
"Leaver CS","2022","Driver and Vehicle Licensing Agency","420","340","24530","21840"
"Leaver CS","2022","Driver and Vehicle Standards Agency","460","410","28500","26780"
"Leaver CS","2022","Education and Skills Funding Agency","80","70","46510","41620"
"Leaver CS","2022","Education Scotland","40","30","[c]","[c]"
"Leaver CS","2022","Estyn","[c]","[c]","[c]","[c]"
"Leaver CS","2022","FCDO Services","70","70","44090","38680"
"Leaver CS","2022","Food Standards Agency","80","80","34070","30810"
"Leaver CS","2022","Food Standards Scotland","[c]","[c]","[c]","[c]"
"Leaver CS","2022","Foreign, Commonwealth and Development Office (excl. agencies)","340","130","49120","48500"
"Leaver CS","2022","Forestry and Land Scotland","120","110","29970","27360"
"Leaver CS","2022","Government Actuary's Department","[c]","[c]","[c]","[c]"
"Leaver CS","2022","Government Internal Audit Agency","40","40","[c]","[c]"
"Leaver CS","2022","Government Legal Department","200","190","52250","51250"
"Leaver CS","2022","Government Property Agency","[c]","[c]","[c]","[c]"
"Leaver CS","2022","Health and Safety Executive","210","180","40510","35910"
"Leaver CS","2022","HM Courts and Tribunals Service","2050","1820","23960","20970"
"Leaver CS","2022","HM Land Registry","410","350","32960","27130"
"Leaver CS","2022","HM Prison and Probation Service","7190","6640","32410","30160"
"Leaver CS","2022","HM Revenue and Customs (excl. agencies)","4710","3960","33040","28920"
"Leaver CS","2022","HM Treasury (excl. agencies)","180","180","[c]","[c]"
"Leaver CS","2022","Home Office","2090","1800","31930","27370"
"Leaver CS","2022","Institute for Apprenticeships and Technical Education","[c]","[c]","[c]","[c]"
"Leaver CS","2022","Intellectual Property Office","60","60","35070","27420"
"Leaver CS","2022","Legal Aid Agency","50","50","24070","20970"
"Leaver CS","2022","Maritime and Coastguard Agency","160","150","34910","30730"
"Leaver CS","2022","Medicines and Healthcare Products Regulatory Agency","270","260","47740","40450"
"Leaver CS","2022","Met Office","130","120","35020","35520"
"Leaver CS","2022","Ministry of Defence (excl. agencies)","3380","3180","31470","26930"
"Leaver CS","2022","Ministry of Justice (excl. agencies)","420","410","41940","37500"
"Leaver CS","2022","National Crime Agency","320","310","42450","39840"
"Leaver CS","2022","National Infrastructure Commission","[c]","[c]","[c]","[c]"
"Leaver CS","2022","National Records of Scotland","40","40","[c]","[c]"
"Leaver CS","2022","National Savings and Investments","[c]","[c]","[c]","[c]"
"Leaver CS","2022","Northern Ireland Office","[c]","[c]","[c]","[c]"
"Leaver CS","2022","Office for Budget Responsibility","[c]","[c]","[c]","[c]"
"Leaver CS","2022","Office for Standards in Education, Children's Services and Skills","190","180","52800","51360"
"Leaver CS","2022","Office of Gas and Electricity Markets","240","230","45710","38280"
"Leaver CS","2022","Office of Qualifications and Examinations Regulation","[c]","[c]","[c]","[c]"
"Leaver CS","2022","Office of Rail and Road","30","30","[c]","[c]"
"Leaver CS","2022","Office of the Public Guardian","70","60","22810","20970"
"Leaver CS","2022","Office of the Scottish Charity Regulator","[c]","[c]","[c]","[c]"
"Leaver CS","2022","Office of the Secretary of State for Scotland (incl. Office of the Advocate General for Scotland)","[c]","[c]","[c]","[c]"
"Leaver CS","2022","Office of the Secretary of State for Wales","[c]","[c]","[c]","[c]"
"Leaver CS","2022","Planning Inspectorate","70","70","41980","42380"
"Leaver CS","2022","Public Health England","1520","1380","43310","38200"
"Leaver CS","2022","Queen Elizabeth II Centre","[c]","[c]","[c]","[c]"
"Leaver CS","2022","Registers of Scotland","30","30","[c]","[c]"
"Leaver CS","2022","Revenue Scotland","[c]","[c]","[c]","[c]"
"Leaver CS","2022","Royal Fleet Auxiliary","240","240","36010","33270"
"Leaver CS","2022","Rural Payments Agency","170","160","25340","21300"
"Leaver CS","2022","Scottish Courts and Tribunals Service","170","140","29050","23780"
"Leaver CS","2022","Scottish Forestry","[c]","[c]","[c]","[c]"
"Leaver CS","2022","Scottish Government (excl. agencies)","420","380","41670","36130"
"Leaver CS","2022","Scottish Housing Regulator","[c]","[c]","[c]","[c]"
"Leaver CS","2022","Scottish Prison Service","340","310","32260","35000"
"Leaver CS","2022","Scottish Public Pensions Agency","[c]","[c]","[c]","[c]"
"Leaver CS","2022","Serious Fraud Office","50","50","[c]","[c]"
"Leaver CS","2022","Social Security Scotland","40","40","[c]","[c]"
"Leaver CS","2022","Standards and Testing Agency","[c]","[c]","[c]","[c]"
"Leaver CS","2022","Student Awards Agency for Scotland","[c]","[c]","[c]","[c]"
"Leaver CS","2022","Submarine Delivery Agency","140","140","38120","37670"
"Leaver CS","2022","Teaching Regulation Agency","[c]","[c]","[c]","[c]"
"Leaver CS","2022","The Insolvency Service","100","90","32190","26000"
"Leaver CS","2022","The National Archives","70","60","31730","28460"
"Leaver CS","2022","Transport Scotland","[c]","[c]","[c]","[c]"
"Leaver CS","2022","UK Debt Management Office","[c]","[c]","[c]","[c]"
"Leaver CS","2022","UK Export Finance","50","50","[c]","[c]"
"Leaver CS","2022","UK Health Security Agency","780","720","40590","36330"
"Leaver CS","2022","UK Hydrographic Office","70","60","36890","34170"
"Leaver CS","2022","UK Space Agency","90","60","[c]","[c]"
"Leaver CS","2022","UK Statistics Authority","580","490","28270","23630"
"Leaver CS","2022","UK Supreme Court","[c]","[c]","[c]","[c]"
"Leaver CS","2022","Valuation Office Agency","270","230","29190","24500"
"Leaver CS","2022","Vehicle Certification Agency","[c]","[c]","[c]","[c]"
"Leaver CS","2022","Veterinary Medicines Directorate","[c]","[c]","[c]","[c]"
"Leaver CS","2022","Water Services Regulation Authority","50","50","[c]","[c]"
"Leaver CS","2022","Welsh Government (excl. agencies)","250","210","42770","37410"
"Leaver CS","2022","Welsh Revenue Authority","[c]","[c]","[c]","[c]"
"Leaver CS","2022","Wilton Park","[c]","[c]","[c]","[c]"
"Leaver Dept.","2021","Advisory, Conciliation and Arbitration Service","40","40","[c]","[c]"
"Leaver Dept.","2021","Animal and Plant Health Agency","50","50","23980","21050"
"Leaver Dept.","2021","Attorney General's Office","[c]","[c]","[c]","[c]"
"Leaver Dept.","2021","Cabinet Office (excl. agencies)","1390","1380","39830","32320"
"Leaver Dept.","2021","Centre for Environment, Fisheries and Aquaculture Science","[c]","[c]","[c]","[c]"
"Leaver Dept.","2021","Charity Commission","[c]","[c]","[c]","[c]"
"Leaver Dept.","2021","Companies House","[c]","[c]","[c]","[c]"
"Leaver Dept.","2021","Competition and Markets Authority","[c]","[c]","[c]","[c]"
"Leaver Dept.","2021","Criminal Injuries Compensation Authority","[c]","[c]","[c]","[c]"
"Leaver Dept.","2021","Crown Commercial Service","[c]","[c]","[c]","[c]"
"Leaver Dept.","2021","Crown Office and Procurator Fiscal Service","[c]","[c]","[c]","[c]"
"Leaver Dept.","2021","Crown Prosecution Service","70","70","37150","30610"
"Leaver Dept.","2021","Crown Prosecution Service Inspectorate","[c]","[c]","[c]","[c]"
"Leaver Dept.","2021","Defence Equipment and Support","380","380","33990","31950"
"Leaver Dept.","2021","Defence Science and Technology Laboratory","60","60","39620","37320"
"Leaver Dept.","2021","Department for Business, Energy and Industrial Strategy (excl. agencies)","460","420","46510","40220"
"Leaver Dept.","2021","Department for Digital, Culture, Media and Sport","200","200","46890","49600"
"Leaver Dept.","2021","Department for Education (excl. agencies)","210","210","43030","38770"
"Leaver Dept.","2021","Department for Environment, Food and Rural Affairs (excl. agencies)","420","410","41560","36970"
"Leaver Dept.","2021","Department for International Development","[c]","[c]","[c]","[c]"
"Leaver Dept.","2021","Department for International Trade","270","270","43340","38540"
"Leaver Dept.","2021","Department for Transport (excl. agencies)","200","200","45220","42460"
"Leaver Dept.","2021","Department for Work and Pensions (excl. agencies)","1350","1300","30090","27570"
"Leaver Dept.","2021","Department of Health and Social Care (excl. agencies)","170","[c]","[c]","[c]"
"Leaver Dept.","2021","Driver and Vehicle Licensing Agency","100","100","26970","21590"
"Leaver Dept.","2021","Driver and Vehicle Standards Agency","60","60","30810","26700"
"Leaver Dept.","2021","Education and Skills Funding Agency","30","30","[c]","[c]"
"Leaver Dept.","2021","Education Scotland","[c]","[c]","[c]","[c]"
"Leaver Dept.","2021","ESTYN","[c]","[c]","[c]","[c]"
"Leaver Dept.","2021","FCDO Services","[c]","[c]","[c]","[c]"
"Leaver Dept.","2021","Food Standards Agency","40","40","[c]","[c]"
"Leaver Dept.","2021","Food Standards Scotland","[c]","[c]","[c]","[c]"
"Leaver Dept.","2021","Foreign and Commonwealth Office (excl. agencies)","90","[c]","[c]","[c]"
"Leaver Dept.","2021","Foreign, Commonwealth and Development Office (excl. agencies)","230","70","51930","52190"
"Leaver Dept.","2021","Forestry and Land Scotland","[c]","[c]","[c]","[c]"
"Leaver Dept.","2021","Government Actuary's Department","[c]","[c]","[c]","[c]"
"Leaver Dept.","2021","Government Internal Audit Agency","[c]","[c]","[c]","[c]"
"Leaver Dept.","2021","Government Legal Department","90","90","45990","50570"
"Leaver Dept.","2021","Government Property Agency","[c]","[c]","[c]","[c]"
"Leaver Dept.","2021","Health and Safety Executive","40","40","[c]","[c]"
"Leaver Dept.","2021","HM Courts and Tribunals Service","370","360","26070","21320"
"Leaver Dept.","2021","HM Prison and Probation Service","400","380","[c]","[c]"
"Leaver Dept.","2021","HM Revenue and Customs (excl. agencies)","1620","1570","[c]","[c]"
"Leaver Dept.","2021","HM Treasury (excl. agencies)","120","120","[c]","[c]"
"Leaver Dept.","2021","Home Office (incl. agencies)","1070","1020","35760","29860"
"Leaver Dept.","2021","Insolvency Service","50","50","[c]","[c]"
"Leaver Dept.","2021","Institute for Apprenticeships and Technical Education","[c]","[c]","[c]","[c]"
"Leaver Dept.","2021","Legal Aid Agency","[c]","[c]","[c]","[c]"
"Leaver Dept.","2021","Maritime and Coastguard Agency","30","30","[c]","[c]"
"Leaver Dept.","2021","Medicines and Healthcare Products Regulatory Agency","[c]","[c]","[c]","[c]"
"Leaver Dept.","2021","Met Office","[c]","[c]","[c]","[c]"
"Leaver Dept.","2021","Ministry of Defence (excl. agencies)","390","380","39490","36100"
"Leaver Dept.","2021","Ministry of Housing, Communities and Local Government (excl. agencies)","360","350","40960","34650"
"Leaver Dept.","2021","Ministry of Justice (excl. agencies)","410","400","42230","36800"
"Leaver Dept.","2021","National Crime Agency","60","60","46620","43610"
"Leaver Dept.","2021","National Infrastructure Commission","[c]","[c]","[c]","[c]"
"Leaver Dept.","2021","National Records of Scotland","[c]","[c]","[c]","[c]"
"Leaver Dept.","2021","National Savings and Investments","[c]","[c]","[c]","[c]"
"Leaver Dept.","2021","Northern Ireland Office","30","30","[c]","[c]"
"Leaver Dept.","2021","Office for Budget Responsibility","[c]","[c]","[c]","[c]"
"Leaver Dept.","2021","Office for Standards in Education, Children's Services and Skills","50","50","40420","32010"
"Leaver Dept.","2021","Office of Gas and Electricity Markets","60","60","44550","37240"
"Leaver Dept.","2021","Office of Qualifications and Examinations Regulation","[c]","[c]","[c]","[c]"
"Leaver Dept.","2021","Office of Rail and Road","[c]","[c]","[c]","[c]"
"Leaver Dept.","2021","Office of the Public Guardian","90","90","22300","21170"
"Leaver Dept.","2021","Planning Inspectorate","[c]","[c]","[c]","[c]"
"Leaver Dept.","2021","Public Health England","40","40","[c]","[c]"
"Leaver Dept.","2021","Queen Elizabeth II Centre","[c]","[c]","[c]","[c]"
"Leaver Dept.","2021","Registers of Scotland","[c]","[c]","[c]","[c]"
"Leaver Dept.","2021","Revenue Scotland","[c]","[c]","[c]","[c]"
"Leaver Dept.","2021","Royal Fleet Auxiliary","[c]","[c]","[c]","[c]"
"Leaver Dept.","2021","Rural Payments Agency","60","60","29230","25190"
"Leaver Dept.","2021","Scotland Office (incl. Office of the Advocate General for Scotland)","[c]","[c]","[c]","[c]"
"Leaver Dept.","2021","Scottish Courts and Tribunals Service","[c]","[c]","[c]","[c]"
"Leaver Dept.","2021","Scottish Forestry","[c]","[c]","[c]","[c]"
"Leaver Dept.","2021","Scottish Government (excl. agencies)","[c]","[c]","[c]","[c]"
"Leaver Dept.","2021","Serious Fraud Office","[c]","[c]","[c]","[c]"
"Leaver Dept.","2021","Social Security Scotland","[c]","[c]","[c]","[c]"
"Leaver Dept.","2021","Standards and Testing Agency","[c]","[c]","[c]","[c]"
"Leaver Dept.","2021","Submarine Delivery Agency","[c]","[c]","[c]","[c]"
"Leaver Dept.","2021","Teaching Regulation Agency","[c]","[c]","[c]","[c]"
"Leaver Dept.","2021","The National Archives","[c]","[c]","[c]","[c]"
"Leaver Dept.","2021","UK Export Finance","[c]","[c]","[c]","[c]"
"Leaver Dept.","2021","UK Hydrographic Office","[c]","[c]","[c]","[c]"
"Leaver Dept.","2021","UK Intellectual Property Office","[c]","[c]","[c]","[c]"
"Leaver Dept.","2021","UK Space Agency","40","40","[c]","[c]"
"Leaver Dept.","2021","United Kingdom Statistics Authority","160","150","37070","33250"
"Leaver Dept.","2021","Valuation Office Agency","80","70","34200","26500"
"Leaver Dept.","2021","Vehicle Certification Agency","[c]","[c]","[c]","[c]"
"Leaver Dept.","2021","Wales Office","[c]","[c]","[c]","[c]"
"Leaver Dept.","2021","Water Services Regulation Authority","[c]","[c]","[c]","[c]"
"Leaver Dept.","2021","Welsh Government (excl. agencies)","[c]","[c]","[c]","[c]"
"Leaver Dept.","2021","Welsh Revenue Authority","[c]","[c]","[c]","[c]"
"Leaver Dept.","2021","Wilton Park","[c]","[c]","[c]","[c]"
"Leaver Dept.","2022","Advisory, Conciliation and Arbitration Service","50","50","[c]","[c]"
"Leaver Dept.","2022","Animal and Plant Health Agency","50","40","[c]","[c]"
"Leaver Dept.","2022","Attorney General's Office","[c]","[c]","[c]","[c]"
"Leaver Dept.","2022","Cabinet Office (excl. agencies)","1820","1800","42010","34550"
"Leaver Dept.","2022","Centre for Environment, Fisheries and Aquaculture Science","[c]","[c]","[c]","[c]"
"Leaver Dept.","2022","Charity Commission","30","30","[c]","[c]"
"Leaver Dept.","2022","Companies House","40","40","[c]","[c]"
"Leaver Dept.","2022","Competition and Markets Authority","40","40","[c]","[c]"
"Leaver Dept.","2022","Criminal Injuries Compensation Authority","[c]","[c]","[c]","[c]"
"Leaver Dept.","2022","Crown Commercial Service","40","40","[c]","[c]"
"Leaver Dept.","2022","Crown Office and Procurator Fiscal Service","[c]","[c]","[c]","[c]"
"Leaver Dept.","2022","Crown Prosecution Service","110","110","33720","26970"
"Leaver Dept.","2022","Defence Equipment and Support","440","430","34500","32120"
"Leaver Dept.","2022","Defence Science and Technology Laboratory","70","70","39730","38070"
"Leaver Dept.","2022","Department for Business, Energy and Industrial Strategy (excl. agencies)","580","560","45850","40050"
"Leaver Dept.","2022","Department for Digital, Culture, Media and Sport","210","210","44650","38020"
"Leaver Dept.","2022","Department for Education (excl. agencies)","430","420","43110","39780"
"Leaver Dept.","2022","Department for Environment, Food and Rural Affairs (excl. agencies)","380","370","[c]","[c]"
"Leaver Dept.","2022","Department for International Trade","220","220","[c]","[c]"
"Leaver Dept.","2022","Department for Levelling Up, Housing and Communities (excl. agencies)","310","310","41560","36340"
"Leaver Dept.","2022","Department for Transport (excl. agencies)","310","310","43530","42470"
"Leaver Dept.","2022","Department for Work and Pensions (excl. agencies)","3040","2950","29770","27570"
"Leaver Dept.","2022","Department of Health and Social Care (excl. agencies)","1310","30","[c]","[c]"
"Leaver Dept.","2022","Disclosure Scotland","[c]","[c]","[c]","[c]"
"Leaver Dept.","2022","Driver and Vehicle Licensing Agency","150","150","28950","26470"
"Leaver Dept.","2022","Driver and Vehicle Standards Agency","140","140","30790","27570"
"Leaver Dept.","2022","Education and Skills Funding Agency","60","60","37130","36500"
"Leaver Dept.","2022","Estyn","[c]","[c]","[c]","[c]"
"Leaver Dept.","2022","FCDO Services","[c]","[c]","[c]","[c]"
"Leaver Dept.","2022","Food Standards Agency","70","70","41180","39390"
"Leaver Dept.","2022","Food Standards Scotland","[c]","[c]","[c]","[c]"
"Leaver Dept.","2022","Foreign, Commonwealth and Development Office (excl. agencies)","420","110","43970","39630"
"Leaver Dept.","2022","Forestry and Land Scotland","[c]","[c]","[c]","[c]"
"Leaver Dept.","2022","Government Actuary's Department","[c]","[c]","[c]","[c]"
"Leaver Dept.","2022","Government Internal Audit Agency","[c]","[c]","[c]","[c]"
"Leaver Dept.","2022","Government Legal Department","100","90","48220","51250"
"Leaver Dept.","2022","Government Property Agency","[c]","[c]","[c]","[c]"
"Leaver Dept.","2022","Health and Safety Executive","70","60","37170","31990"
"Leaver Dept.","2022","HM Courts and Tribunals Service","530","520","26510","22680"
"Leaver Dept.","2022","HM Crown Prosecution Service Inspectorate","[c]","[c]","[c]","[c]"
"Leaver Dept.","2022","HM Prison and Probation Service","570","560","[c]","[c]"
"Leaver Dept.","2022","HM Revenue and Customs (excl. agencies)","1340","1300","[c]","[c]"
"Leaver Dept.","2022","HM Treasury (excl. agencies)","190","190","[c]","[c]"
"Leaver Dept.","2022","Home Office","1400","1360","35550","28990"
"Leaver Dept.","2022","Institute for Apprenticeships and Technical Education","[c]","[c]","[c]","[c]"
"Leaver Dept.","2022","Intellectual Property Office","30","30","[c]","[c]"
"Leaver Dept.","2022","Legal Aid Agency","50","50","[c]","[c]"
"Leaver Dept.","2022","Maritime and Coastguard Agency","50","50","[c]","[c]"
"Leaver Dept.","2022","Medicines and Healthcare Products Regulatory Agency","[c]","[c]","[c]","[c]"
"Leaver Dept.","2022","Met Office","[c]","[c]","[c]","[c]"
"Leaver Dept.","2022","Ministry of Defence (excl. agencies)","580","570","37450","33300"
"Leaver Dept.","2022","Ministry of Justice (excl. agencies)","440","430","40690","36800"
"Leaver Dept.","2022","National Crime Agency","110","100","42890","39840"
"Leaver Dept.","2022","National Infrastructure Commission","[c]","[c]","[c]","[c]"
"Leaver Dept.","2022","National Records of Scotland","[c]","[c]","[c]","[c]"
"Leaver Dept.","2022","National Savings and Investments","[c]","[c]","[c]","[c]"
"Leaver Dept.","2022","Northern Ireland Office","[c]","[c]","[c]","[c]"
"Leaver Dept.","2022","Office for Budget Responsibility","[c]","[c]","[c]","[c]"
"Leaver Dept.","2022","Office for Standards in Education, Children's Services and Skills","50","50","41450","35920"
"Leaver Dept.","2022","Office of Gas and Electricity Markets","100","100","37050","31720"
"Leaver Dept.","2022","Office of Qualifications and Examinations Regulation","[c]","[c]","[c]","[c]"
"Leaver Dept.","2022","Office of Rail and Road","[c]","[c]","[c]","[c]"
"Leaver Dept.","2022","Office of the Public Guardian","140","130","24200","21170"
"Leaver Dept.","2022","Office of the Secretary of State for Scotland (incl. Office of the Advocate General for Scotland)","[c]","[c]","[c]","[c]"
"Leaver Dept.","2022","Office of the Secretary of State for Wales","[c]","[c]","[c]","[c]"
"Leaver Dept.","2022","Planning Inspectorate","60","60","39920","34860"
"Leaver Dept.","2022","Public Health England","6490","5950","43000","37470"
"Leaver Dept.","2022","Queen Elizabeth II Centre","[c]","[c]","[c]","[c]"
"Leaver Dept.","2022","Registers of Scotland","[c]","[c]","[c]","[c]"
"Leaver Dept.","2022","Royal Fleet Auxiliary","[c]","[c]","[c]","[c]"
"Leaver Dept.","2022","Rural Payments Agency","80","80","27120","24920"
"Leaver Dept.","2022","Scottish Courts and Tribunals Service","[c]","[c]","[c]","[c]"
"Leaver Dept.","2022","Scottish Forestry","[c]","[c]","[c]","[c]"
"Leaver Dept.","2022","Scottish Government (excl. agencies)","30","30","[c]","[c]"
"Leaver Dept.","2022","Serious Fraud Office","40","40","[c]","[c]"
"Leaver Dept.","2022","Social Security Scotland","[c]","[c]","[c]","[c]"
"Leaver Dept.","2022","Standards and Testing Agency","[c]","[c]","[c]","[c]"
"Leaver Dept.","2022","Student Awards Agency for Scotland","[c]","[c]","[c]","[c]"
"Leaver Dept.","2022","Submarine Delivery Agency","[c]","[c]","[c]","[c]"
"Leaver Dept.","2022","Teaching Regulation Agency","[c]","[c]","[c]","[c]"
"Leaver Dept.","2022","The Insolvency Service","90","90","30230","24780"
"Leaver Dept.","2022","The National Archives","[c]","[c]","[c]","[c]"
"Leaver Dept.","2022","Transport Scotland","[c]","[c]","[c]","[c]"
"Leaver Dept.","2022","UK Export Finance","[c]","[c]","[c]","[c]"
"Leaver Dept.","2022","UK Health Security Agency","40","40","[c]","[c]"
"Leaver Dept.","2022","UK Hydrographic Office","[c]","[c]","[c]","[c]"
"Leaver Dept.","2022","UK Statistics Authority","230","230","35440","30810"
"Leaver Dept.","2022","Valuation Office Agency","60","60","31530","25500"
"Leaver Dept.","2022","Vehicle Certification Agency","[c]","[c]","[c]","[c]"
"Leaver Dept.","2022","Veterinary Medicines Directorate","[c]","[c]","[c]","[c]"
"Leaver Dept.","2022","Water Services Regulation Authority","[c]","[c]","[c]","[c]"
"Leaver Dept.","2022","Welsh Government (excl. agencies)","50","50","39940","36300"
"Leaver Dept.","2022","Welsh Revenue Authority","[c]","[c]","[c]","[c]"
"Leaver Dept.","2022","Wilton Park","[c]","[c]","[c]","[c]"
"New entrant CS","2021","Accountant in Bankruptcy","[c]","[c]","[c]","[c]"
"New entrant CS","2021","Advisory, Conciliation and Arbitration Service","160","160","26270","24250"
"New entrant CS","2021","Animal and Plant Health Agency","490","470","25110","24370"
"New entrant CS","2021","Attorney General's Office","[c]","[c]","[c]","[c]"
"New entrant CS","2021","Cabinet Office (excl. agencies)","1740","1720","39710","28000"
"New entrant CS","2021","Centre for Environment, Fisheries and Aquaculture Science","[c]","[c]","[c]","[c]"
"New entrant CS","2021","Charity Commission","60","60","34470","29160"
"New entrant CS","2021","Companies House","70","70","34700","34170"
"New entrant CS","2021","Competition and Markets Authority","80","80","49340","53530"
"New entrant CS","2021","Criminal Injuries Compensation Authority","[c]","[c]","[c]","[c]"
"New entrant CS","2021","Crown Commercial Service","170","160","35370","32000"
"New entrant CS","2021","Crown Office and Procurator Fiscal Service","150","140","25090","20760"
"New entrant CS","2021","Crown Prosecution Service","730","710","33410","26970"
"New entrant CS","2021","Debt Management Office","[c]","[c]","[c]","[c]"
"New entrant CS","2021","Defence Equipment and Support","730","710","32060","29000"
"New entrant CS","2021","Defence Science and Technology Laboratory","220","220","32260","28650"
"New entrant CS","2021","Department for Business, Energy and Industrial Strategy (excl. agencies)","730","720","38040","33570"
"New entrant CS","2021","Department for Digital, Culture, Media and Sport","400","400","39110","34020"
"New entrant CS","2021","Department for Education (excl. agencies)","620","610","35750","32870"
"New entrant CS","2021","Department for Environment, Food and Rural Affairs (excl. agencies)","1030","1010","36830","32560"
"New entrant CS","2021","Department for International Trade","390","390","34570","31800"
"New entrant CS","2021","Department for Transport (excl. agencies)","560","560","36850","34710"
"New entrant CS","2021","Department for Work and Pensions (excl. agencies)","16980","16660","26790","27570"
"New entrant CS","2021","Department of Health and Social Care (excl. agencies)","1110","1090","39780","32790"
"New entrant CS","2021","Disclosure Scotland","50","40","[c]","[c]"
"New entrant CS","2021","Driver and Vehicle Licensing Agency","340","310","23790","21590"
"New entrant CS","2021","Driver and Vehicle Standards Agency","270","270","28680","26130"
"New entrant CS","2021","Education and Skills Funding Agency","100","100","35750","36280"
"New entrant CS","2021","Education Scotland","[c]","[c]","[c]","[c]"
"New entrant CS","2021","ESTYN","[c]","[c]","[c]","[c]"
"New entrant CS","2021","Food Standards Agency","100","90","34650","32350"
"New entrant CS","2021","Food Standards Scotland","50","50","31300","30650"
"New entrant CS","2021","Forestry and Land Scotland","100","90","27350","25140"
"New entrant CS","2021","Government Actuary's Department","40","40","[c]","[c]"
"New entrant CS","2021","Government Internal Audit Agency","40","40","[c]","[c]"
"New entrant CS","2021","Government Legal Department","260","250","41990","43920"
"New entrant CS","2021","Government Property Agency","50","40","[c]","[c]"
"New entrant CS","2021","Health and Safety Executive","190","190","32160","26370"
"New entrant CS","2021","HM Courts and Tribunals Service","2190","2130","21970","19930"
"New entrant CS","2021","HM Land Registry","700","680","26170","22350"
"New entrant CS","2021","HM Prison and Probation Service","5750","5550","23930","22850"
"New entrant CS","2021","HM Revenue and Customs (excl. agencies)","5140","5030","24760","20140"
"New entrant CS","2021","HM Treasury (excl. agencies)","400","400","32480","28500"
"New entrant CS","2021","Home Office (incl. agencies)","2170","2130","31740","25770"
"New entrant CS","2021","Insolvency Service","210","200","24470","20880"
"New entrant CS","2021","Institute for Apprenticeships and Technical Education","40","40","[c]","[c]"
"New entrant CS","2021","Legal Aid Agency","60","60","21890","19930"
"New entrant CS","2021","Maritime and Coastguard Agency","210","200","33190","30730"
"New entrant CS","2021","Medicines and Healthcare Products Regulatory Agency","180","180","39810","34150"
"New entrant CS","2021","Met Office","130","130","33550","30930"
"New entrant CS","2021","Ministry of Defence (excl. agencies)","3010","2920","29280","26350"
"New entrant CS","2021","Ministry of Housing, Communities and Local Government (excl. agencies)","330","320","38900","33210"
"New entrant CS","2021","Ministry of Justice (excl. agencies)","730","720","38040","34050"
"New entrant CS","2021","National Crime Agency","1050","1040","34310","32770"
"New entrant CS","2021","National Infrastructure Commission","[c]","[c]","[c]","[c]"
"New entrant CS","2021","National Records of Scotland","40","40","[c]","[c]"
"New entrant CS","2021","National Savings and Investments","[c]","[c]","[c]","[c]"
"New entrant CS","2021","Northern Ireland Office","[c]","[c]","[c]","[c]"
"New entrant CS","2021","Office for Budget Responsibility","[c]","[c]","[c]","[c]"
"New entrant CS","2021","Office for Standards in Education, Children's Services and Skills","170","170","49340","46360"
"New entrant CS","2021","Office of Gas and Electricity Markets","310","310","34450","26750"
"New entrant CS","2021","Office of Qualifications and Examinations Regulation","40","40","[c]","[c]"
"New entrant CS","2021","Office of Rail and Road","40","30","[c]","[c]"
"New entrant CS","2021","Office of the Public Guardian","[c]","[c]","[c]","[c]"
"New entrant CS","2021","Office of the Scottish Charity Regulator","[c]","[c]","[c]","[c]"
"New entrant CS","2021","Planning Inspectorate","100","90","30280","26050"
"New entrant CS","2021","Public Health England","2020","1750","35090","31370"
"New entrant CS","2021","Registers of Scotland","[c]","[c]","[c]","[c]"
"New entrant CS","2021","Revenue Scotland","[c]","[c]","[c]","[c]"
"New entrant CS","2021","Rural Payments Agency","60","60","24100","21050"
"New entrant CS","2021","Scotland Office (incl. Office of the Advocate General for Scotland)","[c]","[c]","[c]","[c]"
"New entrant CS","2021","Scottish Courts and Tribunals Service","100","100","23200","20850"
"New entrant CS","2021","Scottish Forestry","[c]","[c]","[c]","[c]"
"New entrant CS","2021","Scottish Government (excl. agencies)","790","770","37270","30650"
"New entrant CS","2021","Scottish Housing Regulator","[c]","[c]","[c]","[c]"
"New entrant CS","2021","Scottish Prison Service","280","270","22010","20810"
"New entrant CS","2021","Scottish Public Pensions Agency","[c]","[c]","[c]","[c]"
"New entrant CS","2021","Serious Fraud Office","30","30","[c]","[c]"
"New entrant CS","2021","Social Security Scotland","390","380","25920","20060"
"New entrant CS","2021","Standards and Testing Agency","[c]","[c]","[c]","[c]"
"New entrant CS","2021","Student Awards Agency for Scotland","[c]","[c]","[c]","[c]"
"New entrant CS","2021","Submarine Delivery Agency","200","190","35750","32000"
"New entrant CS","2021","Teaching Regulation Agency","[c]","[c]","[c]","[c]"
"New entrant CS","2021","The National Archives","60","60","32670","31960"
"New entrant CS","2021","Transport Scotland","30","30","[c]","[c]"
"New entrant CS","2021","UK Export Finance","90","90","45700","44080"
"New entrant CS","2021","UK Hydrographic Office","70","70","28380","20820"
"New entrant CS","2021","UK Intellectual Property Office","180","180","28520","23320"
"New entrant CS","2021","UK Space Agency","[c]","[c]","[c]","[c]"
"New entrant CS","2021","UK Supreme Court","[c]","[c]","[c]","[c]"
"New entrant CS","2021","United Kingdom Statistics Authority","1060","1020","31690","29540"
"New entrant CS","2021","Valuation Office Agency","260","260","25390","24500"
"New entrant CS","2021","Vehicle Certification Agency","[c]","[c]","[c]","[c]"
"New entrant CS","2021","Veterinary Medicines Directorate","[c]","[c]","[c]","[c]"
"New entrant CS","2021","Wales Office","[c]","[c]","[c]","[c]"
"New entrant CS","2021","Water Services Regulation Authority","40","40","[c]","[c]"
"New entrant CS","2021","Welsh Government (excl. agencies)","200","180","27640","20500"
"New entrant CS","2021","Welsh Revenue Authority","[c]","[c]","[c]","[c]"
"New entrant CS","2021","Wilton Park","[c]","[c]","[c]","[c]"
"New entrant CS","2022","Accountant in Bankruptcy","[c]","[c]","[c]","[c]"
"New entrant CS","2022","Advisory, Conciliation and Arbitration Service","60","60","26820","24250"
"New entrant CS","2022","Animal and Plant Health Agency","490","480","26060","24920"
"New entrant CS","2022","Attorney General's Office","[c]","[c]","[c]","[c]"
"New entrant CS","2022","Cabinet Office (excl. agencies)","1760","1740","38650","28000"
"New entrant CS","2022","Centre for Environment, Fisheries and Aquaculture Science","90","90","26850","25460"
"New entrant CS","2022","Charity Commission","90","80","28330","24440"
"New entrant CS","2022","Companies House","170","160","28120","20100"
"New entrant CS","2022","Competition and Markets Authority","140","130","45260","36000"
"New entrant CS","2022","Criminal Injuries Compensation Authority","40","40","[c]","[c]"
"New entrant CS","2022","Crown Commercial Service","130","120","32820","30420"
"New entrant CS","2022","Crown Office and Procurator Fiscal Service","420","410","26460","21050"
"New entrant CS","2022","Crown Prosecution Service","680","670","31460","25480"
"New entrant CS","2022","Defence Equipment and Support","980","960","30680","27540"
"New entrant CS","2022","Defence Science and Technology Laboratory","650","630","30280","27010"
"New entrant CS","2022","Department for Business, Energy and Industrial Strategy (excl. agencies)","690","680","37660","33570"
"New entrant CS","2022","Department for Digital, Culture, Media and Sport","400","390","35500","34020"
"New entrant CS","2022","Department for Education (excl. agencies)","810","790","34620","30000"
"New entrant CS","2022","Department for Environment, Food and Rural Affairs (excl. agencies)","1810","1770","37730","34710"
"New entrant CS","2022","Department for International Trade","440","430","36620","31800"
"New entrant CS","2022","Department for Levelling Up, Housing and Communities (excl. agencies)","610","600","35600","33210"
"New entrant CS","2022","Department for Transport (excl. agencies)","730","730","42180","38650"
"New entrant CS","2022","Department for Work and Pensions (excl. agencies)","10260","10030","26230","27570"
"New entrant CS","2022","Department of Health and Social Care (excl. agencies)","950","620","36950","32790"
"New entrant CS","2022","Disclosure Scotland","60","60","24240","21050"
"New entrant CS","2022","Driver and Vehicle Licensing Agency","670","620","21850","21840"
"New entrant CS","2022","Driver and Vehicle Standards Agency","640","630","26370","26130"
"New entrant CS","2022","Education and Skills Funding Agency","180","180","33920","29360"
"New entrant CS","2022","Education Scotland","50","50","49830","49860"
"New entrant CS","2022","Estyn","[c]","[c]","[c]","[c]"
"New entrant CS","2022","Food Standards Agency","200","200","33440","30350"
"New entrant CS","2022","Food Standards Scotland","80","80","33020","31540"
"New entrant CS","2022","Government Actuary's Department","40","40","[c]","[c]"
"New entrant CS","2022","Government Internal Audit Agency","[c]","[c]","[c]","[c]"
"New entrant CS","2022","Government Legal Department","320","310","40180","43920"
"New entrant CS","2022","Government Property Agency","80","80","46860","44000"
"New entrant CS","2022","Health and Safety Executive","300","300","34110","29010"
"New entrant CS","2022","HM Courts and Tribunals Service","1900","1840","24230","20970"
"New entrant CS","2022","HM Crown Prosecution Service Inspectorate","[c]","[c]","[c]","[c]"
"New entrant CS","2022","HM Land Registry","510","500","27130","22600"
"New entrant CS","2022","HM Prison and Probation Service","15200","14440","26970","24800"
"New entrant CS","2022","HM Revenue and Customs (excl. agencies)","8010","7820","27040","26590"
"New entrant CS","2022","HM Treasury (excl. agencies)","300","290","32920","28500"
"New entrant CS","2022","Home Office","2570","2450","29780","24880"
"New entrant CS","2022","Institute for Apprenticeships and Technical Education","60","60","41420","36570"
"New entrant CS","2022","Intellectual Property Office","230","220","29050","24030"
"New entrant CS","2022","Legal Aid Agency","90","80","22610","20970"
"New entrant CS","2022","Maritime and Coastguard Agency","190","180","31410","26840"
"New entrant CS","2022","Medicines and Healthcare Products Regulatory Agency","50","50","[c]","[c]"
"New entrant CS","2022","Met Office","230","220","27900","24360"
"New entrant CS","2022","Ministry of Defence (excl. agencies)","2850","2760","30290","26350"
"New entrant CS","2022","Ministry of Justice (excl. agencies)","740","730","35910","34260"
"New entrant CS","2022","National Crime Agency","520","500","36900","34140"
"New entrant CS","2022","National Infrastructure Commission","[c]","[c]","[c]","[c]"
"New entrant CS","2022","National Records of Scotland","70","70","36430","31540"
"New entrant CS","2022","National Savings and Investments","[c]","[c]","[c]","[c]"
"New entrant CS","2022","Northern Ireland Office","40","40","[c]","[c]"
"New entrant CS","2022","Office for Budget Responsibility","[c]","[c]","[c]","[c]"
"New entrant CS","2022","Office for Standards in Education, Children's Services and Skills","240","240","49100","46360"
"New entrant CS","2022","Office of Gas and Electricity Markets","460","450","35990","30000"
"New entrant CS","2022","Office of Qualifications and Examinations Regulation","70","60","37000","38000"
"New entrant CS","2022","Office of Rail and Road","40","40","[c]","[c]"
"New entrant CS","2022","Office of the Public Guardian","220","200","22180","20970"
"New entrant CS","2022","Office of the Scottish Charity Regulator","[c]","[c]","[c]","[c]"
"New entrant CS","2022","Office of the Secretary of State for Scotland (incl. Office of the Advocate General for Scotland)","[c]","[c]","[c]","[c]"
"New entrant CS","2022","Office of the Secretary of State for Wales","[c]","[c]","[c]","[c]"
"New entrant CS","2022","Planning Inspectorate","80","70","32770","32780"
"New entrant CS","2022","Public Health England","260","210","39660","35060"
"New entrant CS","2022","Queen Elizabeth II Centre","[c]","[c]","[c]","[c]"
"New entrant CS","2022","Registers of Scotland","50","50","26690","22780"
"New entrant CS","2022","Revenue Scotland","40","30","[c]","[c]"
"New entrant CS","2022","Royal Fleet Auxiliary","150","150","20590","16190"
"New entrant CS","2022","Rural Payments Agency","540","520","21970","21300"
"New entrant CS","2022","Scottish Courts and Tribunals Service","310","290","23810","22000"
"New entrant CS","2022","Scottish Fiscal Commission","[c]","[c]","[c]","[c]"
"New entrant CS","2022","Scottish Government (excl. agencies)","1450","1410","35110","31540"
"New entrant CS","2022","Scottish Housing Regulator","[c]","[c]","[c]","[c]"
"New entrant CS","2022","Scottish Prison Service","400","390","23060","21640"
"New entrant CS","2022","Scottish Public Pensions Agency","60","50","25580","24400"
"New entrant CS","2022","Serious Fraud Office","40","40","[c]","[c]"
"New entrant CS","2022","Social Security Scotland","1390","1360","27260","27230"
"New entrant CS","2022","Standards and Testing Agency","[c]","[c]","[c]","[c]"
"New entrant CS","2022","Student Awards Agency for Scotland","40","40","[c]","[c]"
"New entrant CS","2022","Submarine Delivery Agency","240","230","35400","32000"
"New entrant CS","2022","Teaching Regulation Agency","[c]","[c]","[c]","[c]"
"New entrant CS","2022","The Insolvency Service","70","70","27610","23810"
"New entrant CS","2022","The National Archives","100","90","31970","28040"
"New entrant CS","2022","Transport Scotland","60","60","35420","31540"
"New entrant CS","2022","UK Debt Management Office","[c]","[c]","[c]","[c]"
"New entrant CS","2022","UK Export Finance","120","120","43010","39000"
"New entrant CS","2022","UK Health Security Agency","2070","1930","37080","32330"
"New entrant CS","2022","UK Hydrographic Office","120","120","28500","24300"
"New entrant CS","2022","UK Space Agency","[c]","[c]","[c]","[c]"
"New entrant CS","2022","UK Statistics Authority","1010","920","29230","30210"
"New entrant CS","2022","UK Supreme Court","[c]","[c]","[c]","[c]"
"New entrant CS","2022","Valuation Office Agency","500","490","26430","25000"
"New entrant CS","2022","Vehicle Certification Agency","[c]","[c]","[c]","[c]"
"New entrant CS","2022","Veterinary Medicines Directorate","[c]","[c]","[c]","[c]"
"New entrant CS","2022","Water Services Regulation Authority","60","60","43600","36690"
"New entrant CS","2022","Welsh Government (excl. agencies)","360","340","34770","31210"
"New entrant CS","2022","Welsh Revenue Authority","[c]","[c]","[c]","[c]"
"New entrant CS","2022","Wilton Park","[c]","[c]","[c]","[c]"
"Notes","Summary figures are suppressed when information relates to less than 30 civil servants for FTE or Headcount, and less than 50 civil servants for median and mean salary (shown as [c]). Additionally, zero responses have been suppressed for GPDR protected characteristics. Figures are rounded to the nearest 10, or 10 as appropriate.","","","","",""
"Data source","All figures are aggregated from the Cabinet Office Annual Civil Service Employment Survey collection. https://www.gov.uk/government/collections/civil-service-statistics","","","","",""
"Version","Generated on 2022-07-26, with GIT 03ee02c.","","","","",""
"Data column","Description","","","","",""
"Status","Employment status of the civil servants.","","","","",""
"","In post - includes staff that were in post on the reference date (31 March).","","","","",""
"","New entrant CS - includes new entrants to the Civil Service over the year (1 April to 31 March).","","","","",""
"","Leaver CS - includes leavers from the Civil Service over the year (1 April to 31 March). This includes employees who have an Unknown leaving cause.","","","","",""
"","Leaver Dept. - includes leavers from the department over the year (1 April to 31 March), who did not leave the Civil Service.","","","","",""
"","Organisation specific notes on status: In late June 2021 around 7,000 employees from Community Rehabilitation Companies were transferred in from the private sector to HM Prison and Probation Service, counting as entrants. The Defence Electronics and Components Agency does not record the date in which their employees first enter the Civil Service and so entrants data is not available. HM Land Registry do not record where their departing employees transfer to and so are unable to identify those that transfer to another Civil Service department.","","","","",""
"Year","Year of data collection (as at March 31st).","","","","",""
"Organisation","Executive Agencies, Ministerial and Non-Ministerial Departments.","","","","",""
"","On 30 September 2021, the Ministry for Housing, Communities and Local Government changed it's name to the Department for Levelling Up, Housing and Communities.","","","","",""
"","On 1 October 2021, Public Health England was dissolved and it's staff were transferred into either the newly created UK Health Security Agency, the NHS or the Department for Health and Social Care (excl. agencies). In addition to this the DHSC have been offboarding Test and Trace staff as well as onboarding the former PHE staff onto their system and so caution should be advised when interpretting data at DHSC as they are currently undertaking data cleansing exercises. PHE only includes entrants and leavers up to 30 September 2021 and UKHSA only inlcudes entrants and leavers from 1 October to 31 March 2022.","","","","",""
"Headcount","Total number of civil servants (rounded to nearest 10).","","","","",""
"FTE","Total full-time equivalent employment numbers (rounded to nearest 10).","","","","",""
"Mean_salary","Average salary (mean, rounded to nearest 10). For part-time employees, salaries represent the full-time equivalent earnings, while for full-time employees they are the actual annual gross salaries.","","","","",""
"Median_salary","Median salary (rounded to nearest 10). For part-time employees, salaries represent the full-time equivalent earnings, while for full-time employees they are the actual annual gross salaries.","","","","",""
