"Status","Year","Ethnicity","Region_ITL1","Headcount","FTE","Mean_salary","Median_salary"
"In post","2021","Asian","East Midlands (England)","1700","1530","27030","25560"
"In post","2021","Asian","East of England","1130","1020","30360","27570"
"In post","2021","Asian","London","13560","12800","37040","31880"
"In post","2021","Asian","North East (England)","400","360","27830","24880"
"In post","2021","Asian","North West (England)","2570","2370","27670","25560"
"In post","2021","Asian","Northern Ireland","[c]","[c]","[c]","[c]"
"In post","2021","Asian","Overseas","150","150","46340","41410"
"In post","2021","Asian","Scotland","510","470","31930","27570"
"In post","2021","Asian","South East (England)","1380","1270","30230","27780"
"In post","2021","Asian","South West (England)","780","740","34300","31310"
"In post","2021","Asian","Unknown","170","150","29630","27570"
"In post","2021","Asian","Wales","430","400","30150","25560"
"In post","2021","Asian","West Midlands (England)","4070","3790","27830","26120"
"In post","2021","Asian","Yorkshire and The Humber","2310","2130","28050","25860"
"In post","2021","Black","East Midlands (England)","510","480","27140","26310"
"In post","2021","Black","East of England","600","570","30710","29290"
"In post","2021","Black","London","9970","9620","34560","31060"
"In post","2021","Black","North East (England)","140","130","27610","25560"
"In post","2021","Black","North West (England)","720","690","28560","27370"
"In post","2021","Black","Northern Ireland","[c]","[c]","[c]","[c]"
"In post","2021","Black","Overseas","70","70","41950","37500"
"In post","2021","Black","Scotland","230","220","32030","27570"
"In post","2021","Black","South East (England)","850","810","30420","29290"
"In post","2021","Black","South West (England)","540","510","32500","30710"
"In post","2021","Black","Unknown","60","60","30280","29870"
"In post","2021","Black","Wales","190","180","28720","26300"
"In post","2021","Black","West Midlands (England)","1200","1130","28220","26990"
"In post","2021","Black","Yorkshire and The Humber","520","500","29250","27570"
"In post","2021","Chinese","East Midlands (England)","30","30","[c]","[c]"
"In post","2021","Chinese","East of England","40","40","[c]","[c]"
"In post","2021","Chinese","London","600","580","43240","39240"
"In post","2021","Chinese","North East (England)","50","50","27900","25560"
"In post","2021","Chinese","North West (England)","150","140","29120","25360"
"In post","2021","Chinese","Northern Ireland","[c]","[c]","[c]","[c]"
"In post","2021","Chinese","Overseas","[c]","[c]","[c]","[c]"
"In post","2021","Chinese","Scotland","50","50","[c]","[c]"
"In post","2021","Chinese","South East (England)","100","90","31400","28970"
"In post","2021","Chinese","South West (England)","50","50","30920","28250"
"In post","2021","Chinese","Unknown","[c]","[c]","[c]","[c]"
"In post","2021","Chinese","Wales","70","60","31560","29540"
"In post","2021","Chinese","West Midlands (England)","40","40","[c]","[c]"
"In post","2021","Chinese","Yorkshire and The Humber","50","50","28840","25040"
"In post","2021","Mixed","East Midlands (England)","340","320","29990","27570"
"In post","2021","Mixed","East of England","420","400","30630","29040"
"In post","2021","Mixed","London","3410","3300","40840","35590"
"In post","2021","Mixed","North East (England)","220","210","29310","27230"
"In post","2021","Mixed","North West (England)","760","710","29330","26160"
"In post","2021","Mixed","Northern Ireland","[c]","[c]","[c]","[c]"
"In post","2021","Mixed","Overseas","110","110","48540","48210"
"In post","2021","Mixed","Scotland","260","250","34960","29120"
"In post","2021","Mixed","South East (England)","670","640","31410","29070"
"In post","2021","Mixed","South West (England)","610","580","33110","29200"
"In post","2021","Mixed","Unknown","[c]","[c]","[c]","[c]"
"In post","2021","Mixed","Wales","380","360","30770","27570"
"In post","2021","Mixed","West Midlands (England)","530","500","28860","27130"
"In post","2021","Mixed","Yorkshire and The Humber","510","470","31300","27570"
"In post","2021","Other ethnicity","East Midlands (England)","70","60","31780","27570"
"In post","2021","Other ethnicity","East of England","120","120","34220","29290"
"In post","2021","Other ethnicity","London","1270","1210","41630","35200"
"In post","2021","Other ethnicity","North East (England)","50","40","[c]","[c]"
"In post","2021","Other ethnicity","North West (England)","170","160","31370","27570"
"In post","2021","Other ethnicity","Northern Ireland","[c]","[c]","[c]","[c]"
"In post","2021","Other ethnicity","Overseas","30","30","[c]","[c]"
"In post","2021","Other ethnicity","Scotland","100","90","34670","27570"
"In post","2021","Other ethnicity","South East (England)","220","200","30260","27570"
"In post","2021","Other ethnicity","South West (England)","180","170","33540","29600"
"In post","2021","Other ethnicity","Unknown","[c]","[c]","[c]","[c]"
"In post","2021","Other ethnicity","Wales","100","90","31920","27570"
"In post","2021","Other ethnicity","West Midlands (England)","150","140","30110","27570"
"In post","2021","Other ethnicity","Yorkshire and The Humber","120","110","32940","27570"
"In post","2021","Undeclared","East Midlands (England)","920","850","30190","27570"
"In post","2021","Undeclared","East of England","1080","1010","31410","29200"
"In post","2021","Undeclared","London","4660","4440","42060","36650"
"In post","2021","Undeclared","North East (England)","1040","940","29090","26350"
"In post","2021","Undeclared","North West (England)","2230","2030","30400","27570"
"In post","2021","Undeclared","Northern Ireland","100","90","28160","25560"
"In post","2021","Undeclared","Overseas","200","190","47080","41620"
"In post","2021","Undeclared","Scotland","1640","1510","32650","28630"
"In post","2021","Undeclared","South East (England)","2270","2110","33030","30110"
"In post","2021","Undeclared","South West (England)","2460","2330","36610","33860"
"In post","2021","Undeclared","Unknown","60","50","34660","30330"
"In post","2021","Undeclared","Wales","1250","1160","32020","27570"
"In post","2021","Undeclared","West Midlands (England)","1260","1150","30270","27570"
"In post","2021","Undeclared","Yorkshire and The Humber","1400","1300","31150","27570"
"In post","2021","Unknown","East Midlands (England)","2700","2540","27590","25560"
"In post","2021","Unknown","East of England","2080","1960","29250","26930"
"In post","2021","Unknown","London","15570","15200","42860","36160"
"In post","2021","Unknown","North East (England)","4350","3970","26100","22350"
"In post","2021","Unknown","North West (England)","7260","6840","27960","25560"
"In post","2021","Unknown","Northern Ireland","650","610","25990","21440"
"In post","2021","Unknown","Overseas","570","560","51740","51500"
"In post","2021","Unknown","Scotland","10140","9490","30040","26160"
"In post","2021","Unknown","South East (England)","4230","3950","30220","27570"
"In post","2021","Unknown","South West (England)","4180","3950","31940","27570"
"In post","2021","Unknown","Unknown","2440","2430","37020","32700"
"In post","2021","Unknown","Wales","4470","4200","28330","24880"
"In post","2021","Unknown","West Midlands (England)","3610","3410","28700","25560"
"In post","2021","Unknown","Yorkshire and The Humber","4850","4620","29920","25560"
"In post","2021","White","East Midlands (England)","15110","13970","30200","27570"
"In post","2021","White","East of England","17120","15880","30900","28200"
"In post","2021","White","London","52900","50840","47090","41950"
"In post","2021","White","North East (England)","24360","21790","28510","26000"
"In post","2021","White","North West (England)","45480","41770","29790","27570"
"In post","2021","White","Northern Ireland","3040","2850","28390","25560"
"In post","2021","White","Overseas","2620","2610","50320","50430"
"In post","2021","White","Scotland","34670","32140","32730","27570"
"In post","2021","White","South East (England)","32060","29790","31620","28650"
"In post","2021","White","South West (England)","36390","34140","34450","31580"
"In post","2021","White","Unknown","970","920","33710","27570"
"In post","2021","White","Wales","29200","26800","31200","27570"
"In post","2021","White","West Midlands (England)","19630","18120","31110","27570"
"In post","2021","White","Yorkshire and The Humber","26850","24640","31750","27570"
"In post","2022","Asian","East Midlands (England)","1940","1770","28390","26820"
"In post","2022","Asian","East of England","1180","1080","31410","27570"
"In post","2022","Asian","London","14800","14040","38230","33550"
"In post","2022","Asian","North East (England)","590","550","29740","26820"
"In post","2022","Asian","North West (England)","3240","3010","28970","26820"
"In post","2022","Asian","Northern Ireland","[c]","[c]","[c]","[c]"
"In post","2022","Asian","Overseas","170","170","45170","38600"
"In post","2022","Asian","Scotland","730","690","32470","27570"
"In post","2022","Asian","South East (England)","1540","1420","30690","28350"
"In post","2022","Asian","South West (England)","900","850","34890","31990"
"In post","2022","Asian","Unknown","170","150","29660","29290"
"In post","2022","Asian","Wales","590","560","31250","27260"
"In post","2022","Asian","West Midlands (England)","4860","4550","28860","27570"
"In post","2022","Asian","Yorkshire and The Humber","2930","2720","29010","27570"
"In post","2022","Black","East Midlands (England)","610","570","28370","26820"
"In post","2022","Black","East of England","640","610","30990","29290"
"In post","2022","Black","London","10500","10140","35320","31650"
"In post","2022","Black","North East (England)","170","160","28820","26820"
"In post","2022","Black","North West (England)","940","900","29700","27570"
"In post","2022","Black","Northern Ireland","[c]","[c]","[c]","[c]"
"In post","2022","Black","Overseas","70","70","44130","38600"
"In post","2022","Black","Scotland","310","300","31430","27570"
"In post","2022","Black","South East (England)","920","870","30830","29290"
"In post","2022","Black","South West (England)","580","560","32870","31150"
"In post","2022","Black","Unknown","60","60","33750","31060"
"In post","2022","Black","Wales","230","220","30560","27570"
"In post","2022","Black","West Midlands (England)","1430","1340","29100","27570"
"In post","2022","Black","Yorkshire and The Humber","620","590","29700","27570"
"In post","2022","Mixed","East Midlands (England)","420","390","29960","26950"
"In post","2022","Mixed","East of England","440","420","31510","29260"
"In post","2022","Mixed","London","3600","3480","41700","36910"
"In post","2022","Mixed","North East (England)","260","250","29730","27570"
"In post","2022","Mixed","North West (England)","890","840","30230","27370"
"In post","2022","Mixed","Northern Ireland","[c]","[c]","[c]","[c]"
"In post","2022","Mixed","Overseas","120","120","49870","49030"
"In post","2022","Mixed","Scotland","320","300","35720","30360"
"In post","2022","Mixed","South East (England)","760","730","31950","29230"
"In post","2022","Mixed","South West (England)","670","630","33770","30210"
"In post","2022","Mixed","Unknown","30","30","[c]","[c]"
"In post","2022","Mixed","Wales","430","410","31690","27570"
"In post","2022","Mixed","West Midlands (England)","650","610","29800","27570"
"In post","2022","Mixed","Yorkshire and The Humber","560","530","31790","27570"
"In post","2022","Other ethnicity","East Midlands (England)","80","70","31410","27570"
"In post","2022","Other ethnicity","East of England","120","110","33040","29290"
"In post","2022","Other ethnicity","London","1310","1250","40770","35140"
"In post","2022","Other ethnicity","North East (England)","60","50","31010","26290"
"In post","2022","Other ethnicity","North West (England)","180","170","31830","27570"
"In post","2022","Other ethnicity","Northern Ireland","[c]","[c]","[c]","[c]"
"In post","2022","Other ethnicity","Overseas","40","40","[c]","[c]"
"In post","2022","Other ethnicity","Scotland","110","100","33900","27570"
"In post","2022","Other ethnicity","South East (England)","190","180","31910","28000"
"In post","2022","Other ethnicity","South West (England)","160","150","35050","31490"
"In post","2022","Other ethnicity","Unknown","[c]","[c]","[c]","[c]"
"In post","2022","Other ethnicity","Wales","110","110","32380","29430"
"In post","2022","Other ethnicity","West Midlands (England)","170","160","30940","27210"
"In post","2022","Other ethnicity","Yorkshire and The Humber","120","110","32670","27570"
"In post","2022","Undeclared","East Midlands (England)","940","870","31560","27570"
"In post","2022","Undeclared","East of England","1060","990","31990","29480"
"In post","2022","Undeclared","London","4430","4220","42570","37660"
"In post","2022","Undeclared","North East (England)","1060","970","31180","27570"
"In post","2022","Undeclared","North West (England)","2230","2040","31630","27570"
"In post","2022","Undeclared","Northern Ireland","90","90","31390","27620"
"In post","2022","Undeclared","Overseas","240","240","47580","43020"
"In post","2022","Undeclared","Scotland","1580","1460","34030","30940"
"In post","2022","Undeclared","South East (England)","2180","2020","33910","31040"
"In post","2022","Undeclared","South West (England)","2350","2220","36900","34290"
"In post","2022","Undeclared","Unknown","40","40","[c]","[c]"
"In post","2022","Undeclared","Wales","1260","1180","33340","28150"
"In post","2022","Undeclared","West Midlands (England)","1280","1170","31180","27570"
"In post","2022","Undeclared","Yorkshire and The Humber","1460","1350","32000","27570"
"In post","2022","Unknown","East Midlands (England)","2860","2690","28700","26590"
"In post","2022","Unknown","East of England","2300","2160","29780","26670"
"In post","2022","Unknown","London","16780","16380","43190","37610"
"In post","2022","Unknown","North East (England)","4600","4250","28010","24920"
"In post","2022","Unknown","North West (England)","8550","8090","29130","26590"
"In post","2022","Unknown","Northern Ireland","810","780","27760","24880"
"In post","2022","Unknown","Overseas","520","520","49310","47170"
"In post","2022","Unknown","Scotland","10770","10130","31390","27230"
"In post","2022","Unknown","South East (England)","4570","4260","30850","27570"
"In post","2022","Unknown","South West (England)","4390","4160","32160","27570"
"In post","2022","Unknown","Unknown","2220","2200","37060","32700"
"In post","2022","Unknown","Wales","4510","4250","29420","26130"
"In post","2022","Unknown","West Midlands (England)","4160","3930","29950","26590"
"In post","2022","Unknown","Yorkshire and The Humber","5460","5210","31220","26820"
"In post","2022","White","East Midlands (England)","16150","14990","31150","27570"
"In post","2022","White","East of England","17190","15990","31480","28920"
"In post","2022","White","London","53420","51440","47660","42470"
"In post","2022","White","North East (England)","26370","23840","29970","27570"
"In post","2022","White","North West (England)","48280","44640","30820","27570"
"In post","2022","White","Northern Ireland","3310","3140","30020","26820"
"In post","2022","White","Overseas","2530","2520","50050","49810"
"In post","2022","White","Scotland","37210","34710","33950","28920"
"In post","2022","White","South East (England)","32470","30180","32450","29230"
"In post","2022","White","South West (England)","37670","35380","34960","31900"
"In post","2022","White","Unknown","780","750","34610","30260"
"In post","2022","White","Wales","30750","28380","32080","27570"
"In post","2022","White","West Midlands (England)","20620","19110","31900","27570"
"In post","2022","White","Yorkshire and The Humber","28080","25900","32580","27570"
"Leaver CS","2021","Asian","East Midlands (England)","70","60","24710","21010"
"Leaver CS","2021","Asian","East of England","60","50","[c]","[c]"
"Leaver CS","2021","Asian","London","590","530","33550","29080"
"Leaver CS","2021","Asian","North East (England)","30","30","[c]","[c]"
"Leaver CS","2021","Asian","North West (England)","90","90","25270","21010"
"Leaver CS","2021","Asian","Northern Ireland","[c]","[c]","[c]","[c]"
"Leaver CS","2021","Asian","Overseas","[c]","[c]","[c]","[c]"
"Leaver CS","2021","Asian","Scotland","[c]","[c]","[c]","[c]"
"Leaver CS","2021","Asian","South East (England)","40","40","[c]","[c]"
"Leaver CS","2021","Asian","South West (England)","40","30","[c]","[c]"
"Leaver CS","2021","Asian","Unknown","[c]","[c]","[c]","[c]"
"Leaver CS","2021","Asian","Wales","[c]","[c]","[c]","[c]"
"Leaver CS","2021","Asian","West Midlands (England)","130","120","28620","21010"
"Leaver CS","2021","Asian","Yorkshire and The Humber","90","80","29770","25310"
"Leaver CS","2021","Black","East Midlands (England)","[c]","[c]","[c]","[c]"
"Leaver CS","2021","Black","East of England","40","30","[c]","[c]"
"Leaver CS","2021","Black","London","350","330","32340","27760"
"Leaver CS","2021","Black","North East (England)","[c]","[c]","[c]","[c]"
"Leaver CS","2021","Black","North West (England)","30","30","[c]","[c]"
"Leaver CS","2021","Black","Northern Ireland","[c]","[c]","[c]","[c]"
"Leaver CS","2021","Black","Overseas","[c]","[c]","[c]","[c]"
"Leaver CS","2021","Black","Scotland","[c]","[c]","[c]","[c]"
"Leaver CS","2021","Black","South East (England)","30","30","[c]","[c]"
"Leaver CS","2021","Black","South West (England)","[c]","[c]","[c]","[c]"
"Leaver CS","2021","Black","Unknown","[c]","[c]","[c]","[c]"
"Leaver CS","2021","Black","Wales","[c]","[c]","[c]","[c]"
"Leaver CS","2021","Black","West Midlands (England)","50","40","[c]","[c]"
"Leaver CS","2021","Black","Yorkshire and The Humber","[c]","[c]","[c]","[c]"
"Leaver CS","2021","Chinese","East Midlands (England)","[c]","[c]","[c]","[c]"
"Leaver CS","2021","Chinese","East of England","[c]","[c]","[c]","[c]"
"Leaver CS","2021","Chinese","London","[c]","[c]","[c]","[c]"
"Leaver CS","2021","Chinese","North East (England)","[c]","[c]","[c]","[c]"
"Leaver CS","2021","Chinese","North West (England)","[c]","[c]","[c]","[c]"
"Leaver CS","2021","Chinese","Northern Ireland","[c]","[c]","[c]","[c]"
"Leaver CS","2021","Chinese","Overseas","[c]","[c]","[c]","[c]"
"Leaver CS","2021","Chinese","Scotland","[c]","[c]","[c]","[c]"
"Leaver CS","2021","Chinese","South East (England)","[c]","[c]","[c]","[c]"
"Leaver CS","2021","Chinese","South West (England)","[c]","[c]","[c]","[c]"
"Leaver CS","2021","Chinese","Unknown","[c]","[c]","[c]","[c]"
"Leaver CS","2021","Chinese","Wales","[c]","[c]","[c]","[c]"
"Leaver CS","2021","Chinese","West Midlands (England)","[c]","[c]","[c]","[c]"
"Leaver CS","2021","Chinese","Yorkshire and The Humber","[c]","[c]","[c]","[c]"
"Leaver CS","2021","Mixed","East Midlands (England)","[c]","[c]","[c]","[c]"
"Leaver CS","2021","Mixed","East of England","[c]","[c]","[c]","[c]"
"Leaver CS","2021","Mixed","London","160","150","36880","32120"
"Leaver CS","2021","Mixed","North East (England)","[c]","[c]","[c]","[c]"
"Leaver CS","2021","Mixed","North West (England)","30","30","[c]","[c]"
"Leaver CS","2021","Mixed","Northern Ireland","[c]","[c]","[c]","[c]"
"Leaver CS","2021","Mixed","Overseas","[c]","[c]","[c]","[c]"
"Leaver CS","2021","Mixed","Scotland","[c]","[c]","[c]","[c]"
"Leaver CS","2021","Mixed","South East (England)","40","40","[c]","[c]"
"Leaver CS","2021","Mixed","South West (England)","[c]","[c]","[c]","[c]"
"Leaver CS","2021","Mixed","Unknown","[c]","[c]","[c]","[c]"
"Leaver CS","2021","Mixed","Wales","[c]","[c]","[c]","[c]"
"Leaver CS","2021","Mixed","West Midlands (England)","30","30","[c]","[c]"
"Leaver CS","2021","Mixed","Yorkshire and The Humber","[c]","[c]","[c]","[c]"
"Leaver CS","2021","Other ethnicity","East Midlands (England)","[c]","[c]","[c]","[c]"
"Leaver CS","2021","Other ethnicity","East of England","[c]","[c]","[c]","[c]"
"Leaver CS","2021","Other ethnicity","London","70","60","43770","37910"
"Leaver CS","2021","Other ethnicity","North East (England)","[c]","[c]","[c]","[c]"
"Leaver CS","2021","Other ethnicity","North West (England)","[c]","[c]","[c]","[c]"
"Leaver CS","2021","Other ethnicity","Northern Ireland","[c]","[c]","[c]","[c]"
"Leaver CS","2021","Other ethnicity","Overseas","[c]","[c]","[c]","[c]"
"Leaver CS","2021","Other ethnicity","Scotland","[c]","[c]","[c]","[c]"
"Leaver CS","2021","Other ethnicity","South East (England)","[c]","[c]","[c]","[c]"
"Leaver CS","2021","Other ethnicity","South West (England)","[c]","[c]","[c]","[c]"
"Leaver CS","2021","Other ethnicity","Unknown","[c]","[c]","[c]","[c]"
"Leaver CS","2021","Other ethnicity","Wales","[c]","[c]","[c]","[c]"
"Leaver CS","2021","Other ethnicity","West Midlands (England)","[c]","[c]","[c]","[c]"
"Leaver CS","2021","Other ethnicity","Yorkshire and The Humber","[c]","[c]","[c]","[c]"
"Leaver CS","2021","Undeclared","East Midlands (England)","60","60","[c]","[c]"
"Leaver CS","2021","Undeclared","East of England","140","110","30770","30290"
"Leaver CS","2021","Undeclared","London","290","260","37480","31100"
"Leaver CS","2021","Undeclared","North East (England)","50","40","[c]","[c]"
"Leaver CS","2021","Undeclared","North West (England)","100","80","27940","26840"
"Leaver CS","2021","Undeclared","Northern Ireland","[c]","[c]","[c]","[c]"
"Leaver CS","2021","Undeclared","Overseas","[c]","[c]","[c]","[c]"
"Leaver CS","2021","Undeclared","Scotland","100","80","32900","29190"
"Leaver CS","2021","Undeclared","South East (England)","180","150","29440","26890"
"Leaver CS","2021","Undeclared","South West (England)","130","120","34450","33010"
"Leaver CS","2021","Undeclared","Unknown","[c]","[c]","[c]","[c]"
"Leaver CS","2021","Undeclared","Wales","110","100","28030","22320"
"Leaver CS","2021","Undeclared","West Midlands (England)","70","60","[c]","[c]"
"Leaver CS","2021","Undeclared","Yorkshire and The Humber","90","70","[c]","[c]"
"Leaver CS","2021","Unknown","East Midlands (England)","350","310","25540","24250"
"Leaver CS","2021","Unknown","East of England","330","300","27770","26000"
"Leaver CS","2021","Unknown","London","1390","1230","38730","31060"
"Leaver CS","2021","Unknown","North East (England)","350","300","24790","21050"
"Leaver CS","2021","Unknown","North West (England)","560","510","26370","21050"
"Leaver CS","2021","Unknown","Northern Ireland","30","30","[c]","[c]"
"Leaver CS","2021","Unknown","Overseas","40","30","[c]","[c]"
"Leaver CS","2021","Unknown","Scotland","640","570","31740","27150"
"Leaver CS","2021","Unknown","South East (England)","550","510","29680","25150"
"Leaver CS","2021","Unknown","South West (England)","450","420","30790","27570"
"Leaver CS","2021","Unknown","Unknown","620","620","40850","32060"
"Leaver CS","2021","Unknown","Wales","340","300","27440","21590"
"Leaver CS","2021","Unknown","West Midlands (England)","400","370","28920","21590"
"Leaver CS","2021","Unknown","Yorkshire and The Humber","510","430","30170","25970"
"Leaver CS","2021","White","East Midlands (England)","1060","940","27890","25980"
"Leaver CS","2021","White","East of England","1200","1060","30970","26890"
"Leaver CS","2021","White","London","2450","2200","46000","39910"
"Leaver CS","2021","White","North East (England)","1230","980","26830","21010"
"Leaver CS","2021","White","North West (England)","1940","1620","28480","24890"
"Leaver CS","2021","White","Northern Ireland","160","140","27250","21430"
"Leaver CS","2021","White","Overseas","90","70","42660","38690"
"Leaver CS","2021","White","Scotland","1550","1330","32490","27570"
"Leaver CS","2021","White","South East (England)","1840","1620","29970","26930"
"Leaver CS","2021","White","South West (England)","1780","1600","32450","27570"
"Leaver CS","2021","White","Unknown","50","50","[c]","[c]"
"Leaver CS","2021","White","Wales","1470","1240","29700","23320"
"Leaver CS","2021","White","West Midlands (England)","1170","1000","30520","26530"
"Leaver CS","2021","White","Yorkshire and The Humber","1590","1340","30260","26750"
"Leaver CS","2022","Asian","East Midlands (England)","160","140","26710","25000"
"Leaver CS","2022","Asian","East of England","110","100","32830","27570"
"Leaver CS","2022","Asian","London","1140","1020","37440","31060"
"Leaver CS","2022","Asian","North East (England)","60","50","[c]","[c]"
"Leaver CS","2022","Asian","North West (England)","170","160","28110","22570"
"Leaver CS","2022","Asian","Northern Ireland","[c]","[c]","[c]","[c]"
"Leaver CS","2022","Asian","Overseas","[c]","[c]","[c]","[c]"
"Leaver CS","2022","Asian","Scotland","30","30","[c]","[c]"
"Leaver CS","2022","Asian","South East (England)","150","140","33330","28320"
"Leaver CS","2022","Asian","South West (England)","90","80","31250","27570"
"Leaver CS","2022","Asian","Unknown","[c]","[c]","[c]","[c]"
"Leaver CS","2022","Asian","Wales","40","40","[c]","[c]"
"Leaver CS","2022","Asian","West Midlands (England)","230","210","27950","27370"
"Leaver CS","2022","Asian","Yorkshire and The Humber","200","190","27000","25120"
"Leaver CS","2022","Black","East Midlands (England)","50","40","[c]","[c]"
"Leaver CS","2022","Black","East of England","80","80","30200","27570"
"Leaver CS","2022","Black","London","850","800","34300","31060"
"Leaver CS","2022","Black","North East (England)","[c]","[c]","[c]","[c]"
"Leaver CS","2022","Black","North West (England)","80","80","28280","23390"
"Leaver CS","2022","Black","Northern Ireland","[c]","[c]","[c]","[c]"
"Leaver CS","2022","Black","Overseas","[c]","[c]","[c]","[c]"
"Leaver CS","2022","Black","Scotland","[c]","[c]","[c]","[c]"
"Leaver CS","2022","Black","South East (England)","100","90","28850","27710"
"Leaver CS","2022","Black","South West (England)","60","60","33820","31690"
"Leaver CS","2022","Black","Unknown","[c]","[c]","[c]","[c]"
"Leaver CS","2022","Black","Wales","[c]","[c]","[c]","[c]"
"Leaver CS","2022","Black","West Midlands (England)","90","90","29580","27570"
"Leaver CS","2022","Black","Yorkshire and The Humber","60","60","[c]","[c]"
"Leaver CS","2022","Mixed","East Midlands (England)","50","50","[c]","[c]"
"Leaver CS","2022","Mixed","East of England","50","50","[c]","[c]"
"Leaver CS","2022","Mixed","London","350","330","37880","31060"
"Leaver CS","2022","Mixed","North East (England)","[c]","[c]","[c]","[c]"
"Leaver CS","2022","Mixed","North West (England)","60","50","[c]","[c]"
"Leaver CS","2022","Mixed","Northern Ireland","[c]","[c]","[c]","[c]"
"Leaver CS","2022","Mixed","Overseas","[c]","[c]","[c]","[c]"
"Leaver CS","2022","Mixed","Scotland","[c]","[c]","[c]","[c]"
"Leaver CS","2022","Mixed","South East (England)","80","80","27510","25730"
"Leaver CS","2022","Mixed","South West (England)","80","70","28540","26350"
"Leaver CS","2022","Mixed","Unknown","[c]","[c]","[c]","[c]"
"Leaver CS","2022","Mixed","Wales","30","30","[c]","[c]"
"Leaver CS","2022","Mixed","West Midlands (England)","60","50","[c]","[c]"
"Leaver CS","2022","Mixed","Yorkshire and The Humber","60","50","[c]","[c]"
"Leaver CS","2022","Other ethnicity","East Midlands (England)","[c]","[c]","[c]","[c]"
"Leaver CS","2022","Other ethnicity","East of England","[c]","[c]","[c]","[c]"
"Leaver CS","2022","Other ethnicity","London","130","120","39450","32590"
"Leaver CS","2022","Other ethnicity","North East (England)","[c]","[c]","[c]","[c]"
"Leaver CS","2022","Other ethnicity","North West (England)","[c]","[c]","[c]","[c]"
"Leaver CS","2022","Other ethnicity","Northern Ireland","[c]","[c]","[c]","[c]"
"Leaver CS","2022","Other ethnicity","Overseas","[c]","[c]","[c]","[c]"
"Leaver CS","2022","Other ethnicity","Scotland","[c]","[c]","[c]","[c]"
"Leaver CS","2022","Other ethnicity","South East (England)","[c]","[c]","[c]","[c]"
"Leaver CS","2022","Other ethnicity","South West (England)","[c]","[c]","[c]","[c]"
"Leaver CS","2022","Other ethnicity","Unknown","[c]","[c]","[c]","[c]"
"Leaver CS","2022","Other ethnicity","Wales","[c]","[c]","[c]","[c]"
"Leaver CS","2022","Other ethnicity","West Midlands (England)","[c]","[c]","[c]","[c]"
"Leaver CS","2022","Other ethnicity","Yorkshire and The Humber","[c]","[c]","[c]","[c]"
"Leaver CS","2022","Undeclared","East Midlands (England)","100","80","28080","26240"
"Leaver CS","2022","Undeclared","East of England","110","100","32090","27920"
"Leaver CS","2022","Undeclared","London","410","370","42870","37640"
"Leaver CS","2022","Undeclared","North East (England)","80","70","32020","22040"
"Leaver CS","2022","Undeclared","North West (England)","170","140","30480","26120"
"Leaver CS","2022","Undeclared","Northern Ireland","[c]","[c]","[c]","[c]"
"Leaver CS","2022","Undeclared","Overseas","[c]","[c]","[c]","[c]"
"Leaver CS","2022","Undeclared","Scotland","120","100","31390","27570"
"Leaver CS","2022","Undeclared","South East (England)","220","190","30900","27570"
"Leaver CS","2022","Undeclared","South West (England)","210","180","34920","33300"
"Leaver CS","2022","Undeclared","Unknown","[c]","[c]","[c]","[c]"
"Leaver CS","2022","Undeclared","Wales","130","110","28620","25100"
"Leaver CS","2022","Undeclared","West Midlands (England)","90","80","29570","27570"
"Leaver CS","2022","Undeclared","Yorkshire and The Humber","120","100","30720","27570"
"Leaver CS","2022","Unknown","East Midlands (England)","460","420","24950","21260"
"Leaver CS","2022","Unknown","East of England","370","340","28550","26130"
"Leaver CS","2022","Unknown","London","2270","1910","39990","32360"
"Leaver CS","2022","Unknown","North East (England)","520","460","26630","21800"
"Leaver CS","2022","Unknown","North West (England)","840","780","28090","24880"
"Leaver CS","2022","Unknown","Northern Ireland","40","40","[c]","[c]"
"Leaver CS","2022","Unknown","Overseas","40","40","[c]","[c]"
"Leaver CS","2022","Unknown","Scotland","1040","940","31250","27230"
"Leaver CS","2022","Unknown","South East (England)","710","660","28540","25000"
"Leaver CS","2022","Unknown","South West (England)","670","630","29310","26000"
"Leaver CS","2022","Unknown","Unknown","690","550","35340","31990"
"Leaver CS","2022","Unknown","Wales","370","340","28290","24370"
"Leaver CS","2022","Unknown","West Midlands (England)","520","490","26840","22460"
"Leaver CS","2022","Unknown","Yorkshire and The Humber","740","620","30320","25200"
"Leaver CS","2022","White","East Midlands (England)","1470","1310","29480","27570"
"Leaver CS","2022","White","East of England","1940","1750","31470","27570"
"Leaver CS","2022","White","London","4490","4010","44710","38600"
"Leaver CS","2022","White","North East (England)","1850","1540","28060","22200"
"Leaver CS","2022","White","North West (England)","3290","2840","29190","26120"
"Leaver CS","2022","White","Northern Ireland","200","170","28020","22580"
"Leaver CS","2022","White","Overseas","90","80","51570","45840"
"Leaver CS","2022","White","Scotland","2500","2190","32280","27570"
"Leaver CS","2022","White","South East (England)","3270","2920","30710","27570"
"Leaver CS","2022","White","South West (England)","2950","2680","32940","28050"
"Leaver CS","2022","White","Unknown","460","380","27650","21840"
"Leaver CS","2022","White","Wales","1600","1390","31660","27130"
"Leaver CS","2022","White","West Midlands (England)","1730","1530","32240","27570"
"Leaver CS","2022","White","Yorkshire and The Humber","2290","1970","30770","27570"
"Leaver Dept.","2021","Asian","East Midlands (England)","30","30","[c]","[c]"
"Leaver Dept.","2021","Asian","East of England","[c]","[c]","[c]","[c]"
"Leaver Dept.","2021","Asian","London","540","510","39490","34560"
"Leaver Dept.","2021","Asian","North East (England)","[c]","[c]","[c]","[c]"
"Leaver Dept.","2021","Asian","North West (England)","100","100","[c]","[c]"
"Leaver Dept.","2021","Asian","Northern Ireland","[c]","[c]","[c]","[c]"
"Leaver Dept.","2021","Asian","Overseas","[c]","[c]","[c]","[c]"
"Leaver Dept.","2021","Asian","Scotland","[c]","[c]","[c]","[c]"
"Leaver Dept.","2021","Asian","South East (England)","[c]","[c]","[c]","[c]"
"Leaver Dept.","2021","Asian","South West (England)","[c]","[c]","[c]","[c]"
"Leaver Dept.","2021","Asian","Unknown","30","30","[c]","[c]"
"Leaver Dept.","2021","Asian","Wales","[c]","[c]","[c]","[c]"
"Leaver Dept.","2021","Asian","West Midlands (England)","120","120","24040","21380"
"Leaver Dept.","2021","Asian","Yorkshire and The Humber","50","50","[c]","[c]"
"Leaver Dept.","2021","Black","East Midlands (England)","[c]","[c]","[c]","[c]"
"Leaver Dept.","2021","Black","East of England","[c]","[c]","[c]","[c]"
"Leaver Dept.","2021","Black","London","310","300","36650","33690"
"Leaver Dept.","2021","Black","North East (England)","[c]","[c]","[c]","[c]"
"Leaver Dept.","2021","Black","North West (England)","40","30","[c]","[c]"
"Leaver Dept.","2021","Black","Northern Ireland","[c]","[c]","[c]","[c]"
"Leaver Dept.","2021","Black","Overseas","[c]","[c]","[c]","[c]"
"Leaver Dept.","2021","Black","Scotland","[c]","[c]","[c]","[c]"
"Leaver Dept.","2021","Black","South East (England)","[c]","[c]","[c]","[c]"
"Leaver Dept.","2021","Black","South West (England)","[c]","[c]","[c]","[c]"
"Leaver Dept.","2021","Black","Unknown","[c]","[c]","[c]","[c]"
"Leaver Dept.","2021","Black","Wales","[c]","[c]","[c]","[c]"
"Leaver Dept.","2021","Black","West Midlands (England)","30","30","[c]","[c]"
"Leaver Dept.","2021","Black","Yorkshire and The Humber","[c]","[c]","[c]","[c]"
"Leaver Dept.","2021","Chinese","East Midlands (England)","[c]","[c]","[c]","[c]"
"Leaver Dept.","2021","Chinese","East of England","[c]","[c]","[c]","[c]"
"Leaver Dept.","2021","Chinese","London","[c]","[c]","[c]","[c]"
"Leaver Dept.","2021","Chinese","North East (England)","[c]","[c]","[c]","[c]"
"Leaver Dept.","2021","Chinese","North West (England)","[c]","[c]","[c]","[c]"
"Leaver Dept.","2021","Chinese","Northern Ireland","[c]","[c]","[c]","[c]"
"Leaver Dept.","2021","Chinese","Overseas","[c]","[c]","[c]","[c]"
"Leaver Dept.","2021","Chinese","Scotland","[c]","[c]","[c]","[c]"
"Leaver Dept.","2021","Chinese","South East (England)","[c]","[c]","[c]","[c]"
"Leaver Dept.","2021","Chinese","South West (England)","[c]","[c]","[c]","[c]"
"Leaver Dept.","2021","Chinese","Unknown","[c]","[c]","[c]","[c]"
"Leaver Dept.","2021","Chinese","Wales","[c]","[c]","[c]","[c]"
"Leaver Dept.","2021","Chinese","West Midlands (England)","[c]","[c]","[c]","[c]"
"Leaver Dept.","2021","Chinese","Yorkshire and The Humber","[c]","[c]","[c]","[c]"
"Leaver Dept.","2021","Mixed","East Midlands (England)","[c]","[c]","[c]","[c]"
"Leaver Dept.","2021","Mixed","East of England","[c]","[c]","[c]","[c]"
"Leaver Dept.","2021","Mixed","London","210","200","42200","35750"
"Leaver Dept.","2021","Mixed","North East (England)","[c]","[c]","[c]","[c]"
"Leaver Dept.","2021","Mixed","North West (England)","[c]","[c]","[c]","[c]"
"Leaver Dept.","2021","Mixed","Northern Ireland","[c]","[c]","[c]","[c]"
"Leaver Dept.","2021","Mixed","Overseas","[c]","[c]","[c]","[c]"
"Leaver Dept.","2021","Mixed","Scotland","[c]","[c]","[c]","[c]"
"Leaver Dept.","2021","Mixed","South East (England)","[c]","[c]","[c]","[c]"
"Leaver Dept.","2021","Mixed","South West (England)","[c]","[c]","[c]","[c]"
"Leaver Dept.","2021","Mixed","Unknown","[c]","[c]","[c]","[c]"
"Leaver Dept.","2021","Mixed","Wales","[c]","[c]","[c]","[c]"
"Leaver Dept.","2021","Mixed","West Midlands (England)","[c]","[c]","[c]","[c]"
"Leaver Dept.","2021","Mixed","Yorkshire and The Humber","[c]","[c]","[c]","[c]"
"Leaver Dept.","2021","Other ethnicity","East Midlands (England)","[c]","[c]","[c]","[c]"
"Leaver Dept.","2021","Other ethnicity","East of England","[c]","[c]","[c]","[c]"
"Leaver Dept.","2021","Other ethnicity","London","50","50","[c]","[c]"
"Leaver Dept.","2021","Other ethnicity","North East (England)","[c]","[c]","[c]","[c]"
"Leaver Dept.","2021","Other ethnicity","North West (England)","[c]","[c]","[c]","[c]"
"Leaver Dept.","2021","Other ethnicity","Northern Ireland","[c]","[c]","[c]","[c]"
"Leaver Dept.","2021","Other ethnicity","Overseas","[c]","[c]","[c]","[c]"
"Leaver Dept.","2021","Other ethnicity","Scotland","[c]","[c]","[c]","[c]"
"Leaver Dept.","2021","Other ethnicity","South East (England)","[c]","[c]","[c]","[c]"
"Leaver Dept.","2021","Other ethnicity","South West (England)","[c]","[c]","[c]","[c]"
"Leaver Dept.","2021","Other ethnicity","Unknown","[c]","[c]","[c]","[c]"
"Leaver Dept.","2021","Other ethnicity","Wales","[c]","[c]","[c]","[c]"
"Leaver Dept.","2021","Other ethnicity","West Midlands (England)","[c]","[c]","[c]","[c]"
"Leaver Dept.","2021","Other ethnicity","Yorkshire and The Humber","[c]","[c]","[c]","[c]"
"Leaver Dept.","2021","Undeclared","East Midlands (England)","[c]","[c]","[c]","[c]"
"Leaver Dept.","2021","Undeclared","East of England","[c]","[c]","[c]","[c]"
"Leaver Dept.","2021","Undeclared","London","190","180","42620","37840"
"Leaver Dept.","2021","Undeclared","North East (England)","[c]","[c]","[c]","[c]"
"Leaver Dept.","2021","Undeclared","North West (England)","[c]","[c]","[c]","[c]"
"Leaver Dept.","2021","Undeclared","Overseas","[c]","[c]","[c]","[c]"
"Leaver Dept.","2021","Undeclared","Scotland","[c]","[c]","[c]","[c]"
"Leaver Dept.","2021","Undeclared","South East (England)","30","30","[c]","[c]"
"Leaver Dept.","2021","Undeclared","South West (England)","40","40","[c]","[c]"
"Leaver Dept.","2021","Undeclared","Unknown","[c]","[c]","[c]","[c]"
"Leaver Dept.","2021","Undeclared","Wales","50","50","[c]","[c]"
"Leaver Dept.","2021","Undeclared","West Midlands (England)","[c]","[c]","[c]","[c]"
"Leaver Dept.","2021","Undeclared","Yorkshire and The Humber","[c]","[c]","[c]","[c]"
"Leaver Dept.","2021","Unknown","East Midlands (England)","70","70","[c]","[c]"
"Leaver Dept.","2021","Unknown","East of England","[c]","[c]","[c]","[c]"
"Leaver Dept.","2021","Unknown","London","1460","1260","43220","38750"
"Leaver Dept.","2021","Unknown","North East (England)","130","120","30040","27570"
"Leaver Dept.","2021","Unknown","North West (England)","250","240","27870","24980"
"Leaver Dept.","2021","Unknown","Northern Ireland","[c]","[c]","[c]","[c]"
"Leaver Dept.","2021","Unknown","Overseas","40","[c]","[c]","[c]"
"Leaver Dept.","2021","Unknown","Scotland","160","150","32190","27570"
"Leaver Dept.","2021","Unknown","South East (England)","60","60","[c]","[c]"
"Leaver Dept.","2021","Unknown","South West (England)","150","150","35490","32370"
"Leaver Dept.","2021","Unknown","Unknown","410","410","33970","32000"
"Leaver Dept.","2021","Unknown","Wales","100","100","29980","25500"
"Leaver Dept.","2021","Unknown","West Midlands (England)","120","120","29590","24250"
"Leaver Dept.","2021","Unknown","Yorkshire and The Humber","190","150","34840","32430"
"Leaver Dept.","2021","White","East Midlands (England)","140","140","26780","21950"
"Leaver Dept.","2021","White","East of England","130","130","32610","29930"
"Leaver Dept.","2021","White","London","2540","2380","46980","41970"
"Leaver Dept.","2021","White","North East (England)","440","420","26930","24700"
"Leaver Dept.","2021","White","North West (England)","650","610","30430","27570"
"Leaver Dept.","2021","White","Northern Ireland","40","40","[c]","[c]"
"Leaver Dept.","2021","White","Overseas","60","40","[c]","[c]"
"Leaver Dept.","2021","White","Scotland","420","400","30150","27570"
"Leaver Dept.","2021","White","South East (England)","290","280","33650","29290"
"Leaver Dept.","2021","White","South West (England)","570","550","34480","31820"
"Leaver Dept.","2021","White","Unknown","220","220","37940","32000"
"Leaver Dept.","2021","White","Wales","400","390","31600","27570"
"Leaver Dept.","2021","White","West Midlands (England)","240","230","30020","26550"
"Leaver Dept.","2021","White","Yorkshire and The Humber","350","340","34120","30830"
"Leaver Dept.","2022","Asian","East Midlands (England)","70","60","29540","24350"
"Leaver Dept.","2022","Asian","East of England","60","50","42610","29290"
"Leaver Dept.","2022","Asian","London","1350","1250","40170","33880"
"Leaver Dept.","2022","Asian","North East (England)","[c]","[c]","[c]","[c]"
"Leaver Dept.","2022","Asian","North West (England)","200","190","28260","27570"
"Leaver Dept.","2022","Asian","Northern Ireland","[c]","[c]","[c]","[c]"
"Leaver Dept.","2022","Asian","Overseas","[c]","[c]","[c]","[c]"
"Leaver Dept.","2022","Asian","Scotland","40","30","[c]","[c]"
"Leaver Dept.","2022","Asian","South East (England)","70","70","36190","31040"
"Leaver Dept.","2022","Asian","South West (England)","110","100","36290","29000"
"Leaver Dept.","2022","Asian","Unknown","[c]","[c]","[c]","[c]"
"Leaver Dept.","2022","Asian","Wales","[c]","[c]","[c]","[c]"
"Leaver Dept.","2022","Asian","West Midlands (England)","300","290","29010","26000"
"Leaver Dept.","2022","Asian","Yorkshire and The Humber","170","160","31860","27570"
"Leaver Dept.","2022","Black","East Midlands (England)","40","40","[c]","[c]"
"Leaver Dept.","2022","Black","East of England","50","40","[c]","[c]"
"Leaver Dept.","2022","Black","London","770","730","37490","32640"
"Leaver Dept.","2022","Black","North East (England)","[c]","[c]","[c]","[c]"
"Leaver Dept.","2022","Black","North West (England)","80","80","31120","27570"
"Leaver Dept.","2022","Black","Northern Ireland","[c]","[c]","[c]","[c]"
"Leaver Dept.","2022","Black","Overseas","[c]","[c]","[c]","[c]"
"Leaver Dept.","2022","Black","Scotland","[c]","[c]","[c]","[c]"
"Leaver Dept.","2022","Black","South East (England)","[c]","[c]","[c]","[c]"
"Leaver Dept.","2022","Black","South West (England)","60","60","37220","35000"
"Leaver Dept.","2022","Black","Unknown","[c]","[c]","[c]","[c]"
"Leaver Dept.","2022","Black","Wales","[c]","[c]","[c]","[c]"
"Leaver Dept.","2022","Black","West Midlands (England)","100","100","33240","27570"
"Leaver Dept.","2022","Black","Yorkshire and The Humber","40","40","[c]","[c]"
"Leaver Dept.","2022","Mixed","East Midlands (England)","[c]","[c]","[c]","[c]"
"Leaver Dept.","2022","Mixed","East of England","[c]","[c]","[c]","[c]"
"Leaver Dept.","2022","Mixed","London","370","340","40820","36750"
"Leaver Dept.","2022","Mixed","North East (England)","[c]","[c]","[c]","[c]"
"Leaver Dept.","2022","Mixed","North West (England)","40","40","[c]","[c]"
"Leaver Dept.","2022","Mixed","Northern Ireland","[c]","[c]","[c]","[c]"
"Leaver Dept.","2022","Mixed","Overseas","[c]","[c]","[c]","[c]"
"Leaver Dept.","2022","Mixed","Scotland","[c]","[c]","[c]","[c]"
"Leaver Dept.","2022","Mixed","South East (England)","[c]","[c]","[c]","[c]"
"Leaver Dept.","2022","Mixed","South West (England)","50","50","33940","32310"
"Leaver Dept.","2022","Mixed","Unknown","[c]","[c]","[c]","[c]"
"Leaver Dept.","2022","Mixed","Wales","[c]","[c]","[c]","[c]"
"Leaver Dept.","2022","Mixed","West Midlands (England)","30","30","[c]","[c]"
"Leaver Dept.","2022","Mixed","Yorkshire and The Humber","30","[c]","[c]","[c]"
"Leaver Dept.","2022","Other ethnicity","East Midlands (England)","[c]","[c]","[c]","[c]"
"Leaver Dept.","2022","Other ethnicity","East of England","[c]","[c]","[c]","[c]"
"Leaver Dept.","2022","Other ethnicity","London","110","100","43940","37810"
"Leaver Dept.","2022","Other ethnicity","North East (England)","[c]","[c]","[c]","[c]"
"Leaver Dept.","2022","Other ethnicity","North West (England)","[c]","[c]","[c]","[c]"
"Leaver Dept.","2022","Other ethnicity","Northern Ireland","[c]","[c]","[c]","[c]"
"Leaver Dept.","2022","Other ethnicity","Overseas","[c]","[c]","[c]","[c]"
"Leaver Dept.","2022","Other ethnicity","Scotland","[c]","[c]","[c]","[c]"
"Leaver Dept.","2022","Other ethnicity","South East (England)","[c]","[c]","[c]","[c]"
"Leaver Dept.","2022","Other ethnicity","South West (England)","[c]","[c]","[c]","[c]"
"Leaver Dept.","2022","Other ethnicity","Unknown","[c]","[c]","[c]","[c]"
"Leaver Dept.","2022","Other ethnicity","Wales","[c]","[c]","[c]","[c]"
"Leaver Dept.","2022","Other ethnicity","West Midlands (England)","[c]","[c]","[c]","[c]"
"Leaver Dept.","2022","Other ethnicity","Yorkshire and The Humber","[c]","[c]","[c]","[c]"
"Leaver Dept.","2022","Undeclared","East Midlands (England)","30","30","[c]","[c]"
"Leaver Dept.","2022","Undeclared","East of England","60","50","39680","34530"
"Leaver Dept.","2022","Undeclared","London","460","420","45970","40940"
"Leaver Dept.","2022","Undeclared","North East (England)","[c]","[c]","[c]","[c]"
"Leaver Dept.","2022","Undeclared","North West (England)","80","80","36500","33760"
"Leaver Dept.","2022","Undeclared","Northern Ireland","[c]","[c]","[c]","[c]"
"Leaver Dept.","2022","Undeclared","Scotland","40","30","[c]","[c]"
"Leaver Dept.","2022","Undeclared","South East (England)","90","80","40190","35750"
"Leaver Dept.","2022","Undeclared","South West (England)","110","110","41520","38150"
"Leaver Dept.","2022","Undeclared","Unknown","[c]","[c]","[c]","[c]"
"Leaver Dept.","2022","Undeclared","Wales","70","70","32590","29540"
"Leaver Dept.","2022","Undeclared","West Midlands (England)","50","50","[c]","[c]"
"Leaver Dept.","2022","Undeclared","Yorkshire and The Humber","50","50","[c]","[c]"
"Leaver Dept.","2022","Unknown","East Midlands (England)","90","90","28890","25160"
"Leaver Dept.","2022","Unknown","East of England","40","40","[c]","[c]"
"Leaver Dept.","2022","Unknown","London","2240","1550","41530","34550"
"Leaver Dept.","2022","Unknown","North East (England)","160","160","30090","27120"
"Leaver Dept.","2022","Unknown","North West (England)","250","250","29910","27570"
"Leaver Dept.","2022","Unknown","Northern Ireland","[c]","[c]","[c]","[c]"
"Leaver Dept.","2022","Unknown","Overseas","[c]","[c]","[c]","[c]"
"Leaver Dept.","2022","Unknown","Scotland","210","200","32530","27570"
"Leaver Dept.","2022","Unknown","South East (England)","80","70","35140","29290"
"Leaver Dept.","2022","Unknown","South West (England)","110","110","32870","29230"
"Leaver Dept.","2022","Unknown","Unknown","390","210","36470","32000"
"Leaver Dept.","2022","Unknown","Wales","100","100","31580","27570"
"Leaver Dept.","2022","Unknown","West Midlands (England)","170","160","28680","25120"
"Leaver Dept.","2022","Unknown","Yorkshire and The Humber","440","180","33160","28000"
"Leaver Dept.","2022","White","East Midlands (England)","390","370","32560","27570"
"Leaver Dept.","2022","White","East of England","430","400","37710","30760"
"Leaver Dept.","2022","White","London","4980","4530","46890","40600"
"Leaver Dept.","2022","White","North East (England)","740","710","31610","27570"
"Leaver Dept.","2022","White","North West (England)","1410","1350","32910","27570"
"Leaver Dept.","2022","White","Northern Ireland","40","40","[c]","[c]"
"Leaver Dept.","2022","White","Overseas","[c]","[c]","[c]","[c]"
"Leaver Dept.","2022","White","Scotland","930","900","29680","27570"
"Leaver Dept.","2022","White","South East (England)","780","720","40250","34740"
"Leaver Dept.","2022","White","South West (England)","1680","1590","36840","32170"
"Leaver Dept.","2022","White","Unknown","290","270","38050","32180"
"Leaver Dept.","2022","White","Wales","520","510","34120","28560"
"Leaver Dept.","2022","White","West Midlands (England)","640","600","35820","29510"
"Leaver Dept.","2022","White","Yorkshire and The Humber","930","830","37820","32790"
"New entrant CS","2021","Asian","East Midlands (England)","250","240","26200","25560"
"New entrant CS","2021","Asian","East of England","200","190","28380","27570"
"New entrant CS","2021","Asian","London","1800","1760","33430","31060"
"New entrant CS","2021","Asian","North East (England)","90","90","26430","21010"
"New entrant CS","2021","Asian","North West (England)","360","350","27030","27570"
"New entrant CS","2021","Asian","Northern Ireland","[c]","[c]","[c]","[c]"
"New entrant CS","2021","Asian","Overseas","[c]","[c]","[c]","[c]"
"New entrant CS","2021","Asian","Scotland","70","70","28680","27570"
"New entrant CS","2021","Asian","South East (England)","260","250","28910","27850"
"New entrant CS","2021","Asian","South West (England)","140","130","31240","27570"
"New entrant CS","2021","Asian","Unknown","40","40","[c]","[c]"
"New entrant CS","2021","Asian","Wales","90","90","25120","22920"
"New entrant CS","2021","Asian","West Midlands (England)","460","440","26470","26550"
"New entrant CS","2021","Asian","Yorkshire and The Humber","350","340","26680","27570"
"New entrant CS","2021","Black","East Midlands (England)","90","90","26600","27570"
"New entrant CS","2021","Black","East of England","180","170","27840","28600"
"New entrant CS","2021","Black","London","1570","1540","31370","31060"
"New entrant CS","2021","Black","North East (England)","40","40","[c]","[c]"
"New entrant CS","2021","Black","North West (England)","150","140","28550","27570"
"New entrant CS","2021","Black","Northern Ireland","[c]","[c]","[c]","[c]"
"New entrant CS","2021","Black","Overseas","[c]","[c]","[c]","[c]"
"New entrant CS","2021","Black","Scotland","40","40","[c]","[c]"
"New entrant CS","2021","Black","South East (England)","200","200","28720","29290"
"New entrant CS","2021","Black","South West (England)","80","70","29770","27570"
"New entrant CS","2021","Black","Unknown","[c]","[c]","[c]","[c]"
"New entrant CS","2021","Black","Wales","30","30","[c]","[c]"
"New entrant CS","2021","Black","West Midlands (England)","160","160","26260","27570"
"New entrant CS","2021","Black","Yorkshire and The Humber","100","100","27080","27570"
"New entrant CS","2021","Chinese","East Midlands (England)","[c]","[c]","[c]","[c]"
"New entrant CS","2021","Chinese","East of England","[c]","[c]","[c]","[c]"
"New entrant CS","2021","Chinese","London","60","60","36530","33180"
"New entrant CS","2021","Chinese","North East (England)","[c]","[c]","[c]","[c]"
"New entrant CS","2021","Chinese","North West (England)","[c]","[c]","[c]","[c]"
"New entrant CS","2021","Chinese","Northern Ireland","[c]","[c]","[c]","[c]"
"New entrant CS","2021","Chinese","Overseas","[c]","[c]","[c]","[c]"
"New entrant CS","2021","Chinese","Scotland","[c]","[c]","[c]","[c]"
"New entrant CS","2021","Chinese","South East (England)","[c]","[c]","[c]","[c]"
"New entrant CS","2021","Chinese","South West (England)","[c]","[c]","[c]","[c]"
"New entrant CS","2021","Chinese","Unknown","[c]","[c]","[c]","[c]"
"New entrant CS","2021","Chinese","Wales","[c]","[c]","[c]","[c]"
"New entrant CS","2021","Chinese","West Midlands (England)","[c]","[c]","[c]","[c]"
"New entrant CS","2021","Chinese","Yorkshire and The Humber","[c]","[c]","[c]","[c]"
"New entrant CS","2021","Mixed","East Midlands (England)","60","50","27350","27570"
"New entrant CS","2021","Mixed","East of England","110","110","27270","27570"
"New entrant CS","2021","Mixed","London","630","620","33660","31060"
"New entrant CS","2021","Mixed","North East (England)","50","50","[c]","[c]"
"New entrant CS","2021","Mixed","North West (England)","120","120","25370","24830"
"New entrant CS","2021","Mixed","Northern Ireland","[c]","[c]","[c]","[c]"
"New entrant CS","2021","Mixed","Overseas","[c]","[c]","[c]","[c]"
"New entrant CS","2021","Mixed","Scotland","50","50","[c]","[c]"
"New entrant CS","2021","Mixed","South East (England)","120","120","27570","27570"
"New entrant CS","2021","Mixed","South West (England)","120","110","28930","27570"
"New entrant CS","2021","Mixed","Unknown","[c]","[c]","[c]","[c]"
"New entrant CS","2021","Mixed","Wales","60","50","24860","22350"
"New entrant CS","2021","Mixed","West Midlands (England)","100","100","27250","25560"
"New entrant CS","2021","Mixed","Yorkshire and The Humber","120","110","25720","27570"
"New entrant CS","2021","Other ethnicity","East Midlands (England)","[c]","[c]","[c]","[c]"
"New entrant CS","2021","Other ethnicity","East of England","[c]","[c]","[c]","[c]"
"New entrant CS","2021","Other ethnicity","London","180","180","34140","31060"
"New entrant CS","2021","Other ethnicity","North East (England)","[c]","[c]","[c]","[c]"
"New entrant CS","2021","Other ethnicity","North West (England)","[c]","[c]","[c]","[c]"
"New entrant CS","2021","Other ethnicity","Northern Ireland","[c]","[c]","[c]","[c]"
"New entrant CS","2021","Other ethnicity","Overseas","[c]","[c]","[c]","[c]"
"New entrant CS","2021","Other ethnicity","Scotland","[c]","[c]","[c]","[c]"
"New entrant CS","2021","Other ethnicity","South East (England)","40","30","[c]","[c]"
"New entrant CS","2021","Other ethnicity","South West (England)","[c]","[c]","[c]","[c]"
"New entrant CS","2021","Other ethnicity","Unknown","[c]","[c]","[c]","[c]"
"New entrant CS","2021","Other ethnicity","Wales","[c]","[c]","[c]","[c]"
"New entrant CS","2021","Other ethnicity","West Midlands (England)","[c]","[c]","[c]","[c]"
"New entrant CS","2021","Other ethnicity","Yorkshire and The Humber","[c]","[c]","[c]","[c]"
"New entrant CS","2021","Undeclared","East Midlands (England)","40","30","[c]","[c]"
"New entrant CS","2021","Undeclared","East of England","40","40","[c]","[c]"
"New entrant CS","2021","Undeclared","London","370","360","34270","31060"
"New entrant CS","2021","Undeclared","North East (England)","40","30","[c]","[c]"
"New entrant CS","2021","Undeclared","North West (England)","80","70","27720","24240"
"New entrant CS","2021","Undeclared","Overseas","[c]","[c]","[c]","[c]"
"New entrant CS","2021","Undeclared","Scotland","50","50","[c]","[c]"
"New entrant CS","2021","Undeclared","South East (England)","120","110","29070","27570"
"New entrant CS","2021","Undeclared","South West (England)","100","100","29870","27570"
"New entrant CS","2021","Undeclared","Unknown","[c]","[c]","[c]","[c]"
"New entrant CS","2021","Undeclared","Wales","[c]","[c]","[c]","[c]"
"New entrant CS","2021","Undeclared","West Midlands (England)","60","60","28900","27570"
"New entrant CS","2021","Undeclared","Yorkshire and The Humber","60","60","28370","27570"
"New entrant CS","2021","Unknown","East Midlands (England)","650","630","25030","22850"
"New entrant CS","2021","Unknown","East of England","640","620","25820","24620"
"New entrant CS","2021","Unknown","London","4600","4540","36590","31060"
"New entrant CS","2021","Unknown","North East (England)","1030","1000","23830","21010"
"New entrant CS","2021","Unknown","North West (England)","1770","1720","25880","22850"
"New entrant CS","2021","Unknown","Northern Ireland","180","180","23040","20140"
"New entrant CS","2021","Unknown","Overseas","[c]","[c]","[c]","[c]"
"New entrant CS","2021","Unknown","Scotland","1750","1700","27840","21150"
"New entrant CS","2021","Unknown","South East (England)","1300","1250","27120","24880"
"New entrant CS","2021","Unknown","South West (England)","960","920","28350","25560"
"New entrant CS","2021","Unknown","Unknown","540","530","36990","28000"
"New entrant CS","2021","Unknown","Wales","980","940","24910","21970"
"New entrant CS","2021","Unknown","West Midlands (England)","900","860","26720","22570"
"New entrant CS","2021","Unknown","Yorkshire and The Humber","1510","1470","27600","23440"
"New entrant CS","2021","White","East Midlands (England)","1380","1350","26710","25560"
"New entrant CS","2021","White","East of England","1820","1770","27130","27570"
"New entrant CS","2021","White","London","5900","5750","36990","32540"
"New entrant CS","2021","White","North East (England)","2010","1980","24770","21010"
"New entrant CS","2021","White","North West (England)","3530","3470","26890","24250"
"New entrant CS","2021","White","Northern Ireland","160","160","25180","20310"
"New entrant CS","2021","White","Overseas","[c]","[c]","[c]","[c]"
"New entrant CS","2021","White","Scotland","2510","2460","27170","25560"
"New entrant CS","2021","White","South East (England)","3570","3460","28000","27570"
"New entrant CS","2021","White","South West (England)","3540","3400","28860","27570"
"New entrant CS","2021","White","Unknown","270","260","30330","27570"
"New entrant CS","2021","White","Wales","1750","1700","26350","22920"
"New entrant CS","2021","White","West Midlands (England)","1760","1700","28260","27570"
"New entrant CS","2021","White","Yorkshire and The Humber","2360","2300","28040","27570"
"New entrant CS","2022","Asian","East Midlands (England)","320","300","25550","23140"
"New entrant CS","2022","Asian","East of England","160","160","28670","27570"
"New entrant CS","2022","Asian","London","1690","1640","34560","31060"
"New entrant CS","2022","Asian","North East (England)","140","140","27420","26590"
"New entrant CS","2022","Asian","North West (England)","600","580","26880","26370"
"New entrant CS","2022","Asian","Northern Ireland","[c]","[c]","[c]","[c]"
"New entrant CS","2022","Asian","Overseas","[c]","[c]","[c]","[c]"
"New entrant CS","2022","Asian","Scotland","200","200","28580","27230"
"New entrant CS","2022","Asian","South East (England)","220","210","29460","27570"
"New entrant CS","2022","Asian","South West (England)","160","150","30640","27540"
"New entrant CS","2022","Asian","Unknown","[c]","[c]","[c]","[c]"
"New entrant CS","2022","Asian","Wales","140","130","27470","26130"
"New entrant CS","2022","Asian","West Midlands (England)","850","820","27420","26590"
"New entrant CS","2022","Asian","Yorkshire and The Humber","620","590","26150","24880"
"New entrant CS","2022","Black","East Midlands (England)","130","130","26340","25480"
"New entrant CS","2022","Black","East of England","130","120","27210","27570"
"New entrant CS","2022","Black","London","1340","1300","32870","31060"
"New entrant CS","2022","Black","North East (England)","40","40","[c]","[c]"
"New entrant CS","2022","Black","North West (England)","230","220","27060","25950"
"New entrant CS","2022","Black","Northern Ireland","[c]","[c]","[c]","[c]"
"New entrant CS","2022","Black","Overseas","[c]","[c]","[c]","[c]"
"New entrant CS","2022","Black","Scotland","110","100","26950","23920"
"New entrant CS","2022","Black","South East (England)","170","160","27680","27570"
"New entrant CS","2022","Black","South West (England)","90","80","30570","29390"
"New entrant CS","2022","Black","Unknown","[c]","[c]","[c]","[c]"
"New entrant CS","2022","Black","Wales","50","50","29870","27570"
"New entrant CS","2022","Black","West Midlands (England)","280","270","27550","27570"
"New entrant CS","2022","Black","Yorkshire and The Humber","140","130","28430","27380"
"New entrant CS","2022","Mixed","East Midlands (England)","100","100","24590","23170"
"New entrant CS","2022","Mixed","East of England","90","90","28110","27120"
"New entrant CS","2022","Mixed","London","560","540","34540","31800"
"New entrant CS","2022","Mixed","North East (England)","50","50","25980","23800"
"New entrant CS","2022","Mixed","North West (England)","170","160","26710","23170"
"New entrant CS","2022","Mixed","Northern Ireland","[c]","[c]","[c]","[c]"
"New entrant CS","2022","Mixed","Overseas","[c]","[c]","[c]","[c]"
"New entrant CS","2022","Mixed","Scotland","80","80","29880","27230"
"New entrant CS","2022","Mixed","South East (England)","140","130","27570","26590"
"New entrant CS","2022","Mixed","South West (England)","110","100","27320","26140"
"New entrant CS","2022","Mixed","Unknown","[c]","[c]","[c]","[c]"
"New entrant CS","2022","Mixed","Wales","70","70","27350","23170"
"New entrant CS","2022","Mixed","West Midlands (England)","140","140","26660","25000"
"New entrant CS","2022","Mixed","Yorkshire and The Humber","100","100","29470","26590"
"New entrant CS","2022","Other ethnicity","East Midlands (England)","[c]","[c]","[c]","[c]"
"New entrant CS","2022","Other ethnicity","East of England","[c]","[c]","[c]","[c]"
"New entrant CS","2022","Other ethnicity","London","190","190","33120","31060"
"New entrant CS","2022","Other ethnicity","North East (England)","[c]","[c]","[c]","[c]"
"New entrant CS","2022","Other ethnicity","North West (England)","[c]","[c]","[c]","[c]"
"New entrant CS","2022","Other ethnicity","Northern Ireland","[c]","[c]","[c]","[c]"
"New entrant CS","2022","Other ethnicity","Overseas","[c]","[c]","[c]","[c]"
"New entrant CS","2022","Other ethnicity","Scotland","[c]","[c]","[c]","[c]"
"New entrant CS","2022","Other ethnicity","South East (England)","[c]","[c]","[c]","[c]"
"New entrant CS","2022","Other ethnicity","South West (England)","[c]","[c]","[c]","[c]"
"New entrant CS","2022","Other ethnicity","Unknown","[c]","[c]","[c]","[c]"
"New entrant CS","2022","Other ethnicity","Wales","[c]","[c]","[c]","[c]"
"New entrant CS","2022","Other ethnicity","West Midlands (England)","40","40","[c]","[c]"
"New entrant CS","2022","Other ethnicity","Yorkshire and The Humber","[c]","[c]","[c]","[c]"
"New entrant CS","2022","Undeclared","East Midlands (England)","70","60","30830","28200"
"New entrant CS","2022","Undeclared","East of England","50","50","[c]","[c]"
"New entrant CS","2022","Undeclared","London","250","240","37520","33210"
"New entrant CS","2022","Undeclared","North East (England)","40","40","[c]","[c]"
"New entrant CS","2022","Undeclared","North West (England)","80","80","30620","27570"
"New entrant CS","2022","Undeclared","Northern Ireland","[c]","[c]","[c]","[c]"
"New entrant CS","2022","Undeclared","Scotland","70","70","29080","27570"
"New entrant CS","2022","Undeclared","South East (England)","90","80","29230","25830"
"New entrant CS","2022","Undeclared","South West (England)","100","100","31550","28760"
"New entrant CS","2022","Undeclared","Unknown","[c]","[c]","[c]","[c]"
"New entrant CS","2022","Undeclared","Wales","60","50","28190","23140"
"New entrant CS","2022","Undeclared","West Midlands (England)","90","90","29350","27570"
"New entrant CS","2022","Undeclared","Yorkshire and The Humber","80","70","31130","26170"
"New entrant CS","2022","Unknown","East Midlands (England)","990","940","25740","24090"
"New entrant CS","2022","Unknown","East of England","900","830","26970","24800"
"New entrant CS","2022","Unknown","London","4520","4270","35700","30750"
"New entrant CS","2022","Unknown","North East (England)","1160","1120","25710","22600"
"New entrant CS","2022","Unknown","North West (England)","2770","2650","26640","24800"
"New entrant CS","2022","Unknown","Northern Ireland","240","240","25730","21250"
"New entrant CS","2022","Unknown","Overseas","[c]","[c]","[c]","[c]"
"New entrant CS","2022","Unknown","Scotland","2650","2560","28540","24880"
"New entrant CS","2022","Unknown","South East (England)","1690","1580","27990","25770"
"New entrant CS","2022","Unknown","South West (England)","1510","1460","28030","24620"
"New entrant CS","2022","Unknown","Unknown","550","470","27720","25720"
"New entrant CS","2022","Unknown","Wales","1060","1010","25350","21840"
"New entrant CS","2022","Unknown","West Midlands (England)","1550","1460","27330","24090"
"New entrant CS","2022","Unknown","Yorkshire and The Humber","2000","1840","28500","24880"
"New entrant CS","2022","White","East Midlands (England)","2010","1950","27030","24800"
"New entrant CS","2022","White","East of England","1930","1850","27790","25500"
"New entrant CS","2022","White","London","5220","5090","38470","33570"
"New entrant CS","2022","White","North East (England)","2780","2710","26610","23170"
"New entrant CS","2022","White","North West (England)","4960","4830","27540","24880"
"New entrant CS","2022","White","Northern Ireland","350","340","29440","26590"
"New entrant CS","2022","White","Overseas","[c]","[c]","[c]","[c]"
"New entrant CS","2022","White","Scotland","4460","4380","29000","27230"
"New entrant CS","2022","White","South East (England)","3190","3040","28760","26140"
"New entrant CS","2022","White","South West (England)","3710","3590","29880","26350"
"New entrant CS","2022","White","Unknown","240","230","31950","28000"
"New entrant CS","2022","White","Wales","2830","2750","27800","24030"
"New entrant CS","2022","White","West Midlands (England)","2290","2220","29120","26350"
"New entrant CS","2022","White","Yorkshire and The Humber","2920","2820","29630","26590"
"Notes","Summary figures are suppressed when information relates to less than 30 civil servants for FTE or Headcount, and less than 50 civil servants for median and mean salary (shown as [c]). Additionally, zero responses have been suppressed for GPDR protected characteristics. Figures are rounded to the nearest 10, or 10 as appropriate.","","","","","",""
"Data source","All figures are aggregated from the Cabinet Office Annual Civil Service Employment Survey collection. https://www.gov.uk/government/collections/civil-service-statistics","","","","","",""
"Version","Generated on 2022-07-26, with GIT 03ee02c.","","","","","",""
"Data column","Description","","","","","",""
"Status","Employment status of the civil servants.","","","","","",""
"","In post - includes staff that were in post on the reference date (31 March).","","","","","",""
"","New entrant CS - includes new entrants to the Civil Service over the year (1 April to 31 March).","","","","","",""
"","Leaver CS - includes leavers from the Civil Service over the year (1 April to 31 March). This includes employees who have an Unknown leaving cause.","","","","","",""
"","Leaver Dept. - includes leavers from the department over the year (1 April to 31 March), who did not leave the Civil Service.","","","","","",""
"","Organisation specific notes on status: In late June 2021 around 7,000 employees from Community Rehabilitation Companies were transferred in from the private sector to HM Prison and Probation Service, counting as entrants. The Defence Electronics and Components Agency does not record the date in which their employees first enter the Civil Service and so entrants data is not available. HM Land Registry do not record where their departing employees transfer to and so are unable to identify those that transfer to another Civil Service department.","","","","","",""
"Year","Year of data collection (as at March 31st).","","","","","",""
"Region_ITL1","Workplace postcode data are used to derive geographical information using the International Territorial Level (ITL) classification standard.","","","","","",""
"","Following the UK's withdrawal from the EU, a new UK-managed international statistical geography - International Territorial Levels (ITL) - was introduced from 1st January 2021, replacing the former NUTS classification. They align with international standards, enabling comparability both over time and internationally. To ensure continued alignment, the ITLs mirror the NUTS system. They also follow a similar review timetable - every three years.","","","","","",""
"","ITL 1 divides into Wales, Scotland, Northern Ireland, and the 9 statistical regions of England.","","","","","",""
"Ethnicity","Self reported ethnicity. For consistency with Civil Service Statistics, 'Chinese' is shown separately in the 2021 figures, but counted within 'Asian' for 2022.","","","","","",""
"","""Undeclared"" accounts for employees who have actively declared that they do not want to disclose their ethnicity and ""Unknown"" accounts for employees who have not made an active declaration about their ethnicity.","","","","","",""
"Headcount","Total number of civil servants (rounded to nearest 10).","","","","","",""
"FTE","Total full-time equivalent employment numbers (rounded to nearest 10).","","","","","",""
"Mean_salary","Average salary (mean, rounded to nearest 10). For part-time employees, salaries represent the full-time equivalent earnings, while for full-time employees they are the actual annual gross salaries.","","","","","",""
"Median_salary","Median salary (rounded to nearest 10). For part-time employees, salaries represent the full-time equivalent earnings, while for full-time employees they are the actual annual gross salaries.","","","","","",""
